"City","State_Abbrev","State","area_km2","Lat","Long","ID","Temp","Prec","tcc45km","imperv45km","year","Population","nobs45km","rich45km","shann45km"
"Phoenix","AZ","Arizona",1342,33.448376,-112.074036,12,22.3718433380127,202,4007834,151999666,2010,1449038,0,0,0
"Phoenix","AZ","Arizona",1342,33.448376,-112.074036,12,22.3718433380127,202,4007834,151999666,2011,1469796,0,0,0
"Phoenix","AZ","Arizona",1342,33.448376,-112.074036,12,22.3718433380127,202,4007834,151999666,2012,1499274,0,0,0
"Phoenix","AZ","Arizona",1342,33.448376,-112.074036,12,22.3718433380127,202,4007834,151999666,2013,1526491,0,0,0
"Phoenix","AZ","Arizona",1342,33.448376,-112.074036,12,22.3718433380127,202,4007834,151999666,2014,1555445,0,0,0
"Phoenix","AZ","Arizona",1342,33.448376,-112.074036,12,22.3718433380127,202,4007834,151999666,2015,1583690,3,2.33333333333333,2.51984209978993
"Phoenix","AZ","Arizona",1342,33.448376,-112.074036,12,22.3718433380127,202,4007834,151999666,2016,1612199,3,5,7.18415315375698
"Phoenix","AZ","Arizona",1342,33.448376,-112.074036,12,22.3718433380127,202,4007834,151999666,2017,1633560,4,2,2.03060409663475
"Phoenix","AZ","Arizona",1342,33.448376,-112.074036,12,22.3718433380127,202,4007834,151999666,2018,1654675,8,6.625,4.47825178213488
"Phoenix","AZ","Arizona",1342,33.448376,-112.074036,12,22.3718433380127,202,4007834,151999666,2019,1680992,20,4,3.27334779010415
"Phoenix","AZ","Arizona",1342,33.448376,-112.074036,12,22.3718433380127,202,4007834,151999666,2020,1612459,65,40.8,11.0023387992022
"Phoenix","AZ","Arizona",1342,33.448376,-112.074036,12,22.3718433380127,202,4007834,151999666,2021,1625187,81,49.8765432098765,10.3435860514097
"Phoenix","AZ","Arizona",1342,33.448376,-112.074036,12,22.3718433380127,202,4007834,151999666,2022,1643899,123,29.579945799458,8.1750756314897
"Phoenix","AZ","Arizona",1342,33.448376,-112.074036,12,22.3718433380127,202,4007834,151999666,2023,1650070,112,15.6607142857143,6.88611951386799
"Los Angeles","CA","California",1216,34.052235,-118.243683,50,18.5593757629395,406,205817311,291245451,2010,3795512,2,2.5,3.37500000000171
"Los Angeles","CA","California",1216,34.052235,-118.243683,50,18.5593757629395,406,205817311,291245451,2011,3820876,1,1,1
"Los Angeles","CA","California",1216,34.052235,-118.243683,50,18.5593757629395,406,205817311,291245451,2012,3851202,2,2.5,3.37500000000171
"Los Angeles","CA","California",1216,34.052235,-118.243683,50,18.5593757629395,406,205817311,291245451,2013,3881622,18,9.25,3.36457578292791
"Los Angeles","CA","California",1216,34.052235,-118.243683,50,18.5593757629395,406,205817311,291245451,2014,3909901,5,3.8,3.69885465078316
"Los Angeles","CA","California",1216,34.052235,-118.243683,50,18.5593757629395,406,205817311,291245451,2015,3938568,29,19.0689655172414,3.56469935377796
"Los Angeles","CA","California",1216,34.052235,-118.243683,50,18.5593757629395,406,205817311,291245451,2016,3963226,108,14.1280864197531,2.13827904807453
"Los Angeles","CA","California",1216,34.052235,-118.243683,50,18.5593757629395,406,205817311,291245451,2017,3975788,118,9.23093220338983,1.82423061210571
"Los Angeles","CA","California",1216,34.052235,-118.243683,50,18.5593757629395,406,205817311,291245451,2018,3977596,162,38.125,4.40981116242036
"Los Angeles","CA","California",1216,34.052235,-118.243683,50,18.5593757629395,406,205817311,291245451,2019,3979576,180,31.425,3.71628459470862
"Los Angeles","CA","California",1216,34.052235,-118.243683,50,18.5593757629395,406,205817311,291245451,2020,3895848,320,48.921875,5.29576525345051
"Los Angeles","CA","California",1216,34.052235,-118.243683,50,18.5593757629395,406,205817311,291245451,2021,3832573,299,27.562828475872,5.35014226522387
"Los Angeles","CA","California",1216,34.052235,-118.243683,50,18.5593757629395,406,205817311,291245451,2022,3822782,292,112.722602739726,7.71230997305585
"Los Angeles","CA","California",1216,34.052235,-118.243683,50,18.5593757629395,406,205817311,291245451,2023,3820914,311,30.8842443729904,7.05391450950424
"Riverside","CA","California",210,33.980602,-117.375496,67,18.0205001831055,346,73774959,115460212,2010,305466,1,1,1
"Riverside","CA","California",210,33.980602,-117.375496,67,18.0205001831055,346,73774959,115460212,2011,309472,0,0,0
"Riverside","CA","California",210,33.980602,-117.375496,67,18.0205001831055,346,73774959,115460212,2012,312323,1,1,1
"Riverside","CA","California",210,33.980602,-117.375496,67,18.0205001831055,346,73774959,115460212,2013,315510,1,1,1
"Riverside","CA","California",210,33.980602,-117.375496,67,18.0205001831055,346,73774959,115460212,2014,317702,1,1,1
"Riverside","CA","California",210,33.980602,-117.375496,67,18.0205001831055,346,73774959,115460212,2015,320483,2,1,1
"Riverside","CA","California",210,33.980602,-117.375496,67,18.0205001831055,346,73774959,115460212,2016,323684,3,2.33333333333333,2.51984209978993
"Riverside","CA","California",210,33.980602,-117.375496,67,18.0205001831055,346,73774959,115460212,2017,326882,12,16.1666666666667,11.0764979094839
"Riverside","CA","California",210,33.980602,-117.375496,67,18.0205001831055,346,73774959,115460212,2018,329654,13,13.3846153846154,6.71911841445206
"Riverside","CA","California",210,33.980602,-117.375496,67,18.0205001831055,346,73774959,115460212,2019,331360,34,27.1029411764706,11.259034794347
"Riverside","CA","California",210,33.980602,-117.375496,67,18.0205001831055,346,73774959,115460212,2020,315067,152,71.9720394736842,14.3383831658261
"Riverside","CA","California",210,33.980602,-117.375496,67,18.0205001831055,346,73774959,115460212,2021,313350,183,88.7267759562841,18.1186998345488
"Riverside","CA","California",210,33.980602,-117.375496,67,18.0205001831055,346,73774959,115460212,2022,318991,136,36.6727941176471,13.5161114668397
"Riverside","CA","California",210,33.980602,-117.375496,67,18.0205001831055,346,73774959,115460212,2023,318858,123,63.8313008130081,9.90607729532773
"Sacramento","CA","California",255,38.581573,-121.4944,69,16.6612281799316,478,19856521,71100068,2010,467286,0,0,0
"Sacramento","CA","California",255,38.581573,-121.4944,69,16.6612281799316,478,19856521,71100068,2011,470902,0,0,0
"Sacramento","CA","California",255,38.581573,-121.4944,69,16.6612281799316,478,19856521,71100068,2012,474226,3,1,1
"Sacramento","CA","California",255,38.581573,-121.4944,69,16.6612281799316,478,19856521,71100068,2013,478214,1,1,1
"Sacramento","CA","California",255,38.581573,-121.4944,69,16.6612281799316,478,19856521,71100068,2014,482762,5,2,1.85274193095289
"Sacramento","CA","California",255,38.581573,-121.4944,69,16.6612281799316,478,19856521,71100068,2015,488133,5,1,1
"Sacramento","CA","California",255,38.581573,-121.4944,69,16.6612281799316,478,19856521,71100068,2016,494127,5,2,2.188755972484
"Sacramento","CA","California",255,38.581573,-121.4944,69,16.6612281799316,478,19856521,71100068,2017,500777,6,3.83333333333333,3.21561930573419
"Sacramento","CA","California",255,38.581573,-121.4944,69,16.6612281799316,478,19856521,71100068,2018,507737,25,18.6,8.78117869515295
"Sacramento","CA","California",255,38.581573,-121.4944,69,16.6612281799316,478,19856521,71100068,2019,513624,138,19.4673913043478,7.48041938717695
"Sacramento","CA","California",255,38.581573,-121.4944,69,16.6612281799316,478,19856521,71100068,2020,525528,239,58.8493723849372,10.31833912936
"Sacramento","CA","California",255,38.581573,-121.4944,69,16.6612281799316,478,19856521,71100068,2021,525502,185,21.1441441441441,7.07584042017372
"Sacramento","CA","California",255,38.581573,-121.4944,69,16.6612281799316,478,19856521,71100068,2022,525297,211,43.3838862559242,9.12055042124308
"Sacramento","CA","California",255,38.581573,-121.4944,69,16.6612281799316,478,19856521,71100068,2023,526384,178,35.4241573033708,8.99605380561021
"San Diego","CA","California",844,32.715736,-117.161087,72,18.0704250335693,301,893096244,502743750,2010,1305906,1,1,1
"San Diego","CA","California",844,32.715736,-117.161087,72,18.0704250335693,301,893096244,502743750,2011,1319592,1,1,1
"San Diego","CA","California",844,32.715736,-117.161087,72,18.0704250335693,301,893096244,502743750,2012,1336776,2,2.5,3.37500000000171
"San Diego","CA","California",844,32.715736,-117.161087,72,18.0704250335693,301,893096244,502743750,2013,1355320,5,3.8,3.69885465078316
"San Diego","CA","California",844,32.715736,-117.161087,72,18.0704250335693,301,893096244,502743750,2014,1375831,6,2,1.72844510689673
"San Diego","CA","California",844,32.715736,-117.161087,72,18.0704250335693,301,893096244,502743750,2015,1387323,15,7.8,4.20370323387628
"San Diego","CA","California",844,32.715736,-117.161087,72,18.0704250335693,301,893096244,502743750,2016,1402089,35,16.7142857142857,3.50363113572667
"San Diego","CA","California",844,32.715736,-117.161087,72,18.0704250335693,301,893096244,502743750,2017,1412621,56,43.4285714285714,4.91667954768295
"San Diego","CA","California",844,32.715736,-117.161087,72,18.0704250335693,301,893096244,502743750,2018,1421917,75,40.6266666666667,4.93719941693936
"San Diego","CA","California",844,32.715736,-117.161087,72,18.0704250335693,301,893096244,502743750,2019,1423851,154,30.2792207792208,6.06042287669904
"San Diego","CA","California",844,32.715736,-117.161087,72,18.0704250335693,301,893096244,502743750,2020,1386292,300,48.96,14.0568716464101
"San Diego","CA","California",844,32.715736,-117.161087,72,18.0704250335693,301,893096244,502743750,2021,1376142,359,59.6977715877437,12.3497021996322
"San Diego","CA","California",844,32.715736,-117.161087,72,18.0704250335693,301,893096244,502743750,2022,1387378,294,63.0293367346939,11.5242396199488
"San Diego","CA","California",844,32.715736,-117.161087,72,18.0704250335693,301,893096244,502743750,2023,1388320,397,49.3637279596977,9.84697205059519
"San Francisco","CA","California",122,37.774929,-122.419418,73,14.050271987915,783,464429330,281472071,2010,805505,0,0,0
"San Francisco","CA","California",122,37.774929,-122.419418,73,14.050271987915,783,464429330,281472071,2011,815650,1,1,1
"San Francisco","CA","California",122,37.774929,-122.419418,73,14.050271987915,783,464429330,281472071,2012,828876,3,5,7.18415315375698
"San Francisco","CA","California",122,37.774929,-122.419418,73,14.050271987915,783,464429330,281472071,2013,839572,17,3,3.05397273445816
"San Francisco","CA","California",122,37.774929,-122.419418,73,14.050271987915,783,464429330,281472071,2014,850750,32,5.484375,3.33272670371899
"San Francisco","CA","California",122,37.774929,-122.419418,73,14.050271987915,783,464429330,281472071,2015,863010,25,9.16,4.67523722318212
"San Francisco","CA","California",122,37.774929,-122.419418,73,14.050271987915,783,464429330,281472071,2016,871512,42,20.202380952381,3.33151843736988
"San Francisco","CA","California",122,37.774929,-122.419418,73,14.050271987915,783,464429330,281472071,2017,878040,56,28.6785714285714,6.76022269797568
"San Francisco","CA","California",122,37.774929,-122.419418,73,14.050271987915,783,464429330,281472071,2018,880696,126,38.0892857142857,7.49915299756732
"San Francisco","CA","California",122,37.774929,-122.419418,73,14.050271987915,783,464429330,281472071,2019,881549,313,34.6325878594249,7.7129406201278
"San Francisco","CA","California",122,37.774929,-122.419418,73,14.050271987915,783,464429330,281472071,2020,870518,416,40.3133012820513,11.8492352740718
"San Francisco","CA","California",122,37.774929,-122.419418,73,14.050271987915,783,464429330,281472071,2021,811935,264,41.0677083333333,9.18667836254086
"San Francisco","CA","California",122,37.774929,-122.419418,73,14.050271987915,783,464429330,281472071,2022,807774,239,86.7238493723849,5.77567432985985
"San Francisco","CA","California",122,37.774929,-122.419418,73,14.050271987915,783,464429330,281472071,2023,808988,267,44.0305867665418,8.54494479858459
"San Jose","CA","California",462,37.338207,-121.88633,74,15.8498020172119,403,168519859,83120630,2010,954940,0,0,0
"San Jose","CA","California",462,37.338207,-121.88633,74,15.8498020172119,403,168519859,83120630,2011,970369,1,1,1
"San Jose","CA","California",462,37.338207,-121.88633,74,15.8498020172119,403,168519859,83120630,2012,983530,1,1,1
"San Jose","CA","California",462,37.338207,-121.88633,74,15.8498020172119,403,168519859,83120630,2013,1001279,6,2,1.72844510689673
"San Jose","CA","California",462,37.338207,-121.88633,74,15.8498020172119,403,168519859,83120630,2014,1014273,11,10.4545454545455,5.15571148190974
"San Jose","CA","California",462,37.338207,-121.88633,74,15.8498020172119,403,168519859,83120630,2015,1025980,11,10.4545454545455,5.15571148190974
"San Jose","CA","California",462,37.338207,-121.88633,74,15.8498020172119,403,168519859,83120630,2016,1030242,21,6.95238095238095,5.41158580074731
"San Jose","CA","California",462,37.338207,-121.88633,74,15.8498020172119,403,168519859,83120630,2017,1032335,51,14.6143790849673,8.10029657091369
"San Jose","CA","California",462,37.338207,-121.88633,74,15.8498020172119,403,168519859,83120630,2018,1028020,111,24.0465465465465,9.50667568881665
"San Jose","CA","California",462,37.338207,-121.88633,74,15.8498020172119,403,168519859,83120630,2019,1021795,159,43.0298742138365,12.7409185374789
"San Jose","CA","California",462,37.338207,-121.88633,74,15.8498020172119,403,168519859,83120630,2020,1009319,359,36.558694787107,13.3905194278621
"San Jose","CA","California",462,37.338207,-121.88633,74,15.8498020172119,403,168519859,83120630,2021,981214,240,253.58125,12.1506428197913
"San Jose","CA","California",462,37.338207,-121.88633,74,15.8498020172119,403,168519859,83120630,2022,972082,181,33.0690607734807,8.42690694545645
"San Jose","CA","California",462,37.338207,-121.88633,74,15.8498020172119,403,168519859,83120630,2023,969655,212,28.096108490566,7.42311664534702
"Santa Ana","CA","California",71,33.745472,-117.867653,76,18.1628952026367,342,385206201,374543494,2010,325327,1,1,1
"Santa Ana","CA","California",71,33.745472,-117.867653,76,18.1628952026367,342,385206201,374543494,2011,328227,2,2.5,3.37500000000171
"Santa Ana","CA","California",71,33.745472,-117.867653,76,18.1628952026367,342,385206201,374543494,2012,330550,2,2.5,3.37500000000171
"Santa Ana","CA","California",71,33.745472,-117.867653,76,18.1628952026367,342,385206201,374543494,2013,333716,3,2.33333333333333,2.51984209978993
"Santa Ana","CA","California",71,33.745472,-117.867653,76,18.1628952026367,342,385206201,374543494,2014,333431,11,5.81818181818182,3.63735334115341
"Santa Ana","CA","California",71,33.745472,-117.867653,76,18.1628952026367,342,385206201,374543494,2015,333417,17,6.82352941176471,2.37219911026788
"Santa Ana","CA","California",71,33.745472,-117.867653,76,18.1628952026367,342,385206201,374543494,2016,333765,40,13.8,2.26919590252387
"Santa Ana","CA","California",71,33.745472,-117.867653,76,18.1628952026367,342,385206201,374543494,2017,332627,35,12.8857142857143,5.74053060653147
"Santa Ana","CA","California",71,33.745472,-117.867653,76,18.1628952026367,342,385206201,374543494,2018,331912,64,8.96875,2.7138076610818
"Santa Ana","CA","California",71,33.745472,-117.867653,76,18.1628952026367,342,385206201,374543494,2019,332318,156,26.4198717948718,4.69568197036356
"Santa Ana","CA","California",71,33.745472,-117.867653,76,18.1628952026367,342,385206201,374543494,2020,311244,300,47.94,6.66247582311194
"Santa Ana","CA","California",71,33.745472,-117.867653,76,18.1628952026367,342,385206201,374543494,2021,311166,437,93.8535469107551,3.99431406245642
"Santa Ana","CA","California",71,33.745472,-117.867653,76,18.1628952026367,342,385206201,374543494,2022,310648,410,28.320325203252,3.98050056667728
"Santa Ana","CA","California",71,33.745472,-117.867653,76,18.1628952026367,342,385206201,374543494,2023,310539,518,34.7745449531164,4.57288487293543
"Denver","CO","Colorado",397,39.739235,-104.99025,99,10.4120626449585,416,80428466,100368992,2010,603359,2,2.5,3.37500000000171
"Denver","CO","Colorado",397,39.739235,-104.99025,99,10.4120626449585,416,80428466,100368992,2011,620530,0,0,0
"Denver","CO","Colorado",397,39.739235,-104.99025,99,10.4120626449585,416,80428466,100368992,2012,635163,0,0,0
"Denver","CO","Colorado",397,39.739235,-104.99025,99,10.4120626449585,416,80428466,100368992,2013,649391,3,2.33333333333333,2.51984209978993
"Denver","CO","Colorado",397,39.739235,-104.99025,99,10.4120626449585,416,80428466,100368992,2014,664582,4,2,2.03060409663475
"Denver","CO","Colorado",397,39.739235,-104.99025,99,10.4120626449585,416,80428466,100368992,2015,683285,7,6.92857142857143,7.92408312565239
"Denver","CO","Colorado",397,39.739235,-104.99025,99,10.4120626449585,416,80428466,100368992,2016,696159,8,8.9375,7.79890482098948
"Denver","CO","Colorado",397,39.739235,-104.99025,99,10.4120626449585,416,80428466,100368992,2017,704961,29,16.3448275862069,10.8752450017422
"Denver","CO","Colorado",397,39.739235,-104.99025,99,10.4120626449585,416,80428466,100368992,2018,716265,51,29.8039215686275,18.7598642721257
"Denver","CO","Colorado",397,39.739235,-104.99025,99,10.4120626449585,416,80428466,100368992,2019,727211,79,41.6860759493671,18.3076355733122
"Denver","CO","Colorado",397,39.739235,-104.99025,99,10.4120626449585,416,80428466,100368992,2020,717606,113,49.1238938053097,17.9667424167654
"Denver","CO","Colorado",397,39.739235,-104.99025,99,10.4120626449585,416,80428466,100368992,2021,711467,106,92.3207547169811,14.3517414478662
"Denver","CO","Colorado",397,39.739235,-104.99025,99,10.4120626449585,416,80428466,100368992,2022,713453,143,76.6573426573427,15.9574974166047
"Denver","CO","Colorado",397,39.739235,-104.99025,99,10.4120626449585,416,80428466,100368992,2023,716577,149,35.0456375838926,15.9741023760471
"Jacksonville","FL","Florida",1936,30.332184,-81.655647,120,20.7975006103516,1290,432520227,143827723,2010,823114,0,0,0
"Jacksonville","FL","Florida",1936,30.332184,-81.655647,120,20.7975006103516,1290,432520227,143827723,2011,829609,0,0,0
"Jacksonville","FL","Florida",1936,30.332184,-81.655647,120,20.7975006103516,1290,432520227,143827723,2012,837013,0,0,0
"Jacksonville","FL","Florida",1936,30.332184,-81.655647,120,20.7975006103516,1290,432520227,143827723,2013,842735,0,0,0
"Jacksonville","FL","Florida",1936,30.332184,-81.655647,120,20.7975006103516,1290,432520227,143827723,2014,852494,1,1,1
"Jacksonville","FL","Florida",1936,30.332184,-81.655647,120,20.7975006103516,1290,432520227,143827723,2015,865836,1,1,1
"Jacksonville","FL","Florida",1936,30.332184,-81.655647,120,20.7975006103516,1290,432520227,143827723,2016,880520,1,1,1
"Jacksonville","FL","Florida",1936,30.332184,-81.655647,120,20.7975006103516,1290,432520227,143827723,2017,892025,1,1,1
"Jacksonville","FL","Florida",1936,30.332184,-81.655647,120,20.7975006103516,1290,432520227,143827723,2018,902437,1,1,1
"Jacksonville","FL","Florida",1936,30.332184,-81.655647,120,20.7975006103516,1290,432520227,143827723,2019,911507,5,7.6,8.18179988340218
"Jacksonville","FL","Florida",1936,30.332184,-81.655647,120,20.7975006103516,1290,432520227,143827723,2020,951880,8,14.75,13.1425669985791
"Jacksonville","FL","Florida",1936,30.332184,-81.655647,120,20.7975006103516,1290,432520227,143827723,2021,957410,118,32.0391949152542,12.9653014036956
"Jacksonville","FL","Florida",1936,30.332184,-81.655647,120,20.7975006103516,1290,432520227,143827723,2022,971777,45,10.9777777777778,8.33943483014974
"Jacksonville","FL","Florida",1936,30.332184,-81.655647,120,20.7975006103516,1290,432520227,143827723,2023,985843,57,31.719298245614,12.611937115027
"Orlando","FL","Florida",287,28.538336,-81.379234,125,22.2163333892822,1229,219256640,84353316,2010,239326,1,1,1
"Orlando","FL","Florida",287,28.538336,-81.379234,125,22.2163333892822,1229,219256640,84353316,2011,243620,1,1,1
"Orlando","FL","Florida",287,28.538336,-81.379234,125,22.2163333892822,1229,219256640,84353316,2012,249935,0,0,0
"Orlando","FL","Florida",287,28.538336,-81.379234,125,22.2163333892822,1229,219256640,84353316,2013,255135,0,0,0
"Orlando","FL","Florida",287,28.538336,-81.379234,125,22.2163333892822,1229,219256640,84353316,2014,262469,1,1,1
"Orlando","FL","Florida",287,28.538336,-81.379234,125,22.2163333892822,1229,219256640,84353316,2015,270786,3,5,7.18415315375698
"Orlando","FL","Florida",287,28.538336,-81.379234,125,22.2163333892822,1229,219256640,84353316,2016,278512,1,1,1
"Orlando","FL","Florida",287,28.538336,-81.379234,125,22.2163333892822,1229,219256640,84353316,2017,281804,10,6.45,7.90184936081891
"Orlando","FL","Florida",287,28.538336,-81.379234,125,22.2163333892822,1229,219256640,84353316,2018,285903,22,23.1818181818182,19.3439309787403
"Orlando","FL","Florida",287,28.538336,-81.379234,125,22.2163333892822,1229,219256640,84353316,2019,287442,56,12.9464285714286,7.61427136062459
"Orlando","FL","Florida",287,28.538336,-81.379234,125,22.2163333892822,1229,219256640,84353316,2020,307834,54,31.6666666666667,12.147575790898
"Orlando","FL","Florida",287,28.538336,-81.379234,125,22.2163333892822,1229,219256640,84353316,2021,309885,92,26.3641304347826,8.79193903103641
"Orlando","FL","Florida",287,28.538336,-81.379234,125,22.2163333892822,1229,219256640,84353316,2022,315859,73,25.2602739726027,14.0610577760916
"Orlando","FL","Florida",287,28.538336,-81.379234,125,22.2163333892822,1229,219256640,84353316,2023,320742,83,49.6144578313253,13.1872602571983
"Tampa","FL","Florida",295,27.950575,-82.457176,132,22.6249446868896,1268,161893175,112091370,2010,337053,0,0,0
"Tampa","FL","Florida",295,27.950575,-82.457176,132,22.6249446868896,1268,161893175,112091370,2011,342589,0,0,0
"Tampa","FL","Florida",295,27.950575,-82.457176,132,22.6249446868896,1268,161893175,112091370,2012,348090,0,0,0
"Tampa","FL","Florida",295,27.950575,-82.457176,132,22.6249446868896,1268,161893175,112091370,2013,355172,0,0,0
"Tampa","FL","Florida",295,27.950575,-82.457176,132,22.6249446868896,1268,161893175,112091370,2014,362664,4,4.5,4.89130913071361
"Tampa","FL","Florida",295,27.950575,-82.457176,132,22.6249446868896,1268,161893175,112091370,2015,371464,1,1,1
"Tampa","FL","Florida",295,27.950575,-82.457176,132,22.6249446868896,1268,161893175,112091370,2016,380344,0,0,0
"Tampa","FL","Florida",295,27.950575,-82.457176,132,22.6249446868896,1268,161893175,112091370,2017,391026,3,5,7.18415315375698
"Tampa","FL","Florida",295,27.950575,-82.457176,132,22.6249446868896,1268,161893175,112091370,2018,397232,40,8.925,2.95599483373437
"Tampa","FL","Florida",295,27.950575,-82.457176,132,22.6249446868896,1268,161893175,112091370,2019,399700,49,10.2040816326531,3.56179897361065
"Tampa","FL","Florida",295,27.950575,-82.457176,132,22.6249446868896,1268,161893175,112091370,2020,387924,51,33.8529411764706,6.91297066591431
"Tampa","FL","Florida",295,27.950575,-82.457176,132,22.6249446868896,1268,161893175,112091370,2021,392929,83,19.9277108433735,6.1550926544251
"Tampa","FL","Florida",295,27.950575,-82.457176,132,22.6249446868896,1268,161893175,112091370,2022,398325,100,48.9475,6.89961474427765
"Tampa","FL","Florida",295,27.950575,-82.457176,132,22.6249446868896,1268,161893175,112091370,2023,403364,112,38.2714285714286,11.4937003318252
"Chicago","IL","Illinois",590,41.878113,-87.629799,148,9.7170934677124,928,59993732,183337524,2010,2697477,1,1,1
"Chicago","IL","Illinois",590,41.878113,-87.629799,148,9.7170934677124,928,59993732,183337524,2011,2708114,2,2.5,3.37500000000171
"Chicago","IL","Illinois",590,41.878113,-87.629799,148,9.7170934677124,928,59993732,183337524,2012,2719141,1,1,1
"Chicago","IL","Illinois",590,41.878113,-87.629799,148,9.7170934677124,928,59993732,183337524,2013,2725731,6,6.5,6.07249036096725
"Chicago","IL","Illinois",590,41.878113,-87.629799,148,9.7170934677124,928,59993732,183337524,2014,2727066,8,9.5,10.7059791833747
"Chicago","IL","Illinois",590,41.878113,-87.629799,148,9.7170934677124,928,59993732,183337524,2015,2724344,12,24.6666666666667,26.5821232251034
"Chicago","IL","Illinois",590,41.878113,-87.629799,148,9.7170934677124,928,59993732,183337524,2016,2716723,17,17.4117647058824,10.0772543311934
"Chicago","IL","Illinois",590,41.878113,-87.629799,148,9.7170934677124,928,59993732,183337524,2017,2711069,26,16.0096153846154,10.2166203925178
"Chicago","IL","Illinois",590,41.878113,-87.629799,148,9.7170934677124,928,59993732,183337524,2018,2701423,52,34.3461538461538,16.5961521546019
"Chicago","IL","Illinois",590,41.878113,-87.629799,148,9.7170934677124,928,59993732,183337524,2019,2693976,106,20.127358490566,9.6440333556395
"Chicago","IL","Illinois",590,41.878113,-87.629799,148,9.7170934677124,928,59993732,183337524,2020,2743329,202,49.8762376237624,11.8169578366146
"Chicago","IL","Illinois",590,41.878113,-87.629799,148,9.7170934677124,928,59993732,183337524,2021,2704101,268,29.0680970149254,10.3779255292867
"Chicago","IL","Illinois",590,41.878113,-87.629799,148,9.7170934677124,928,59993732,183337524,2022,2672660,382,38.4646596858639,8.74428448726323
"Chicago","IL","Illinois",590,41.878113,-87.629799,148,9.7170934677124,928,59993732,183337524,2023,2664452,434,38.9769585253456,10.4997165376709
"Detroit","MI","Michigan",359,42.331429,-83.045753,185,9.54926013946533,877,736172820,487372795,2010,711131,0,0,0
"Detroit","MI","Michigan",359,42.331429,-83.045753,185,9.54926013946533,877,736172820,487372795,2011,705118,0,0,0
"Detroit","MI","Michigan",359,42.331429,-83.045753,185,9.54926013946533,877,736172820,487372795,2012,700183,0,0,0
"Detroit","MI","Michigan",359,42.331429,-83.045753,185,9.54926013946533,877,736172820,487372795,2013,691868,1,1,1
"Detroit","MI","Michigan",359,42.331429,-83.045753,185,9.54926013946533,877,736172820,487372795,2014,682609,0,0,0
"Detroit","MI","Michigan",359,42.331429,-83.045753,185,9.54926013946533,877,736172820,487372795,2015,679410,2,2.5,3.37500000000171
"Detroit","MI","Michigan",359,42.331429,-83.045753,185,9.54926013946533,877,736172820,487372795,2016,677143,7,10.1428571428571,9.20656334613286
"Detroit","MI","Michigan",359,42.331429,-83.045753,185,9.54926013946533,877,736172820,487372795,2017,674631,7,6.92857142857143,7.92408312565239
"Detroit","MI","Michigan",359,42.331429,-83.045753,185,9.54926013946533,877,736172820,487372795,2018,672977,4,8.5,12.2750852628228
"Detroit","MI","Michigan",359,42.331429,-83.045753,185,9.54926013946533,877,736172820,487372795,2019,670031,12,10.6666666666667,9.63565783172388
"Detroit","MI","Michigan",359,42.331429,-83.045753,185,9.54926013946533,877,736172820,487372795,2020,638300,53,18.811320754717,6.08447138644176
"Detroit","MI","Michigan",359,42.331429,-83.045753,185,9.54926013946533,877,736172820,487372795,2021,633738,78,24.0619658119658,9.89526185617084
"Detroit","MI","Michigan",359,42.331429,-83.045753,185,9.54926013946533,877,736172820,487372795,2022,631366,123,19.1327913279133,8.95490526120314
"Detroit","MI","Michigan",359,42.331429,-83.045753,185,9.54926013946533,877,736172820,487372795,2023,633218,97,19.1855670103093,7.53565092621083
"Albuquerque","NM","New Mexico",485,35.084385,-106.650421,213,13.4953327178955,258,39452240,29516662,2010,546755,0,0,0
"Albuquerque","NM","New Mexico",485,35.084385,-106.650421,213,13.4953327178955,258,39452240,29516662,2011,552066,0,0,0
"Albuquerque","NM","New Mexico",485,35.084385,-106.650421,213,13.4953327178955,258,39452240,29516662,2012,555002,4,2,2.03060409663475
"Albuquerque","NM","New Mexico",485,35.084385,-106.650421,213,13.4953327178955,258,39452240,29516662,2013,557445,4,8.5,12.2750852628228
"Albuquerque","NM","New Mexico",485,35.084385,-106.650421,213,13.4953327178955,258,39452240,29516662,2014,557444,3,2.33333333333333,2.51984209978993
"Albuquerque","NM","New Mexico",485,35.084385,-106.650421,213,13.4953327178955,258,39452240,29516662,2015,557937,1,1,1
"Albuquerque","NM","New Mexico",485,35.084385,-106.650421,213,13.4953327178955,258,39452240,29516662,2016,559192,3,5,7.18415315375698
"Albuquerque","NM","New Mexico",485,35.084385,-106.650421,213,13.4953327178955,258,39452240,29516662,2017,559673,3,5,7.18415315375698
"Albuquerque","NM","New Mexico",485,35.084385,-106.650421,213,13.4953327178955,258,39452240,29516662,2018,559629,9,5.88888888888889,6.34629058682251
"Albuquerque","NM","New Mexico",485,35.084385,-106.650421,213,13.4953327178955,258,39452240,29516662,2019,560513,35,43.0857142857143,10.7618433630857
"Albuquerque","NM","New Mexico",485,35.084385,-106.650421,213,13.4953327178955,258,39452240,29516662,2020,564888,38,15.0570175438597,8.43561037448119
"Albuquerque","NM","New Mexico",485,35.084385,-106.650421,213,13.4953327178955,258,39452240,29516662,2021,563354,98,28.7266763848396,14.3844912424363
"Albuquerque","NM","New Mexico",485,35.084385,-106.650421,213,13.4953327178955,258,39452240,29516662,2022,561368,161,37.2111801242236,16.1857985901556
"Albuquerque","NM","New Mexico",485,35.084385,-106.650421,213,13.4953327178955,258,39452240,29516662,2023,560274,118,37.2779661016949,9.93917381814243
"Charlotte","NC","North Carolina",799,35.227085,-80.843124,222,15.7206773757935,1147,292612257,82696826,2010,738444,0,0,0
"Charlotte","NC","North Carolina",799,35.227085,-80.843124,222,15.7206773757935,1147,292612257,82696826,2011,754829,1,1,1
"Charlotte","NC","North Carolina",799,35.227085,-80.843124,222,15.7206773757935,1147,292612257,82696826,2012,773264,0,0,0
"Charlotte","NC","North Carolina",799,35.227085,-80.843124,222,15.7206773757935,1147,292612257,82696826,2013,792047,0,0,0
"Charlotte","NC","North Carolina",799,35.227085,-80.843124,222,15.7206773757935,1147,292612257,82696826,2014,807400,1,1,1
"Charlotte","NC","North Carolina",799,35.227085,-80.843124,222,15.7206773757935,1147,292612257,82696826,2015,825668,1,1,1
"Charlotte","NC","North Carolina",799,35.227085,-80.843124,222,15.7206773757935,1147,292612257,82696826,2016,843117,0,0,0
"Charlotte","NC","North Carolina",799,35.227085,-80.843124,222,15.7206773757935,1147,292612257,82696826,2017,860002,2,2.5,3.37500000000171
"Charlotte","NC","North Carolina",799,35.227085,-80.843124,222,15.7206773757935,1147,292612257,82696826,2018,872514,12,24.5,16.4914038957337
"Charlotte","NC","North Carolina",799,35.227085,-80.843124,222,15.7206773757935,1147,292612257,82696826,2019,885708,20,11.275,7.30825974072515
"Charlotte","NC","North Carolina",799,35.227085,-80.843124,222,15.7206773757935,1147,292612257,82696826,2020,875752,38,27.5263157894737,7.50033803716613
"Charlotte","NC","North Carolina",799,35.227085,-80.843124,222,15.7206773757935,1147,292612257,82696826,2021,883012,79,56.9873417721519,12.77102378476
"Charlotte","NC","North Carolina",799,35.227085,-80.843124,222,15.7206773757935,1147,292612257,82696826,2022,895704,46,17.8695652173913,8.24291607035293
"Charlotte","NC","North Carolina",799,35.227085,-80.843124,222,15.7206773757935,1147,292612257,82696826,2023,911311,62,23.0349462365591,10.0486261904063
"Raleigh","NC","North Carolina",381,35.779591,-78.638176,228,15.5168542861938,1158,353078514,58311055,2010,406353,0,0,0
"Raleigh","NC","North Carolina",381,35.779591,-78.638176,228,15.5168542861938,1158,353078514,58311055,2011,413958,2,1,1
"Raleigh","NC","North Carolina",381,35.779591,-78.638176,228,15.5168542861938,1158,353078514,58311055,2012,423304,0,0,0
"Raleigh","NC","North Carolina",381,35.779591,-78.638176,228,15.5168542861938,1158,353078514,58311055,2013,431391,2,2.5,3.37500000000171
"Raleigh","NC","North Carolina",381,35.779591,-78.638176,228,15.5168542861938,1158,353078514,58311055,2014,439503,1,1,1
"Raleigh","NC","North Carolina",381,35.779591,-78.638176,228,15.5168542861938,1158,353078514,58311055,2015,449546,3,5,7.18415315375698
"Raleigh","NC","North Carolina",381,35.779591,-78.638176,228,15.5168542861938,1158,353078514,58311055,2016,459469,10,9.05,6.10545189739594
"Raleigh","NC","North Carolina",381,35.779591,-78.638176,228,15.5168542861938,1158,353078514,58311055,2017,465776,14,5.46428571428571,5.43498932328891
"Raleigh","NC","North Carolina",381,35.779591,-78.638176,228,15.5168542861938,1158,353078514,58311055,2018,469314,28,9.92857142857143,7.88121489405672
"Raleigh","NC","North Carolina",381,35.779591,-78.638176,228,15.5168542861938,1158,353078514,58311055,2019,474069,66,15.9090909090909,6.99936715470381
"Raleigh","NC","North Carolina",381,35.779591,-78.638176,228,15.5168542861938,1158,353078514,58311055,2020,465354,174,26.4281609195402,7.50711358304441
"Raleigh","NC","North Carolina",381,35.779591,-78.638176,228,15.5168542861938,1158,353078514,58311055,2021,470813,204,67.7549019607843,8.75134203732009
"Raleigh","NC","North Carolina",381,35.779591,-78.638176,228,15.5168542861938,1158,353078514,58311055,2022,473423,195,33.9076923076923,7.5824660890635
"Raleigh","NC","North Carolina",381,35.779591,-78.638176,228,15.5168542861938,1158,353078514,58311055,2023,482295,279,25.1373954599761,6.7964312705318
"Cincinnati","OH","Ohio",202,39.103119,-84.512016,233,12.1885213851929,1077,242453267,70074549,2010,296980,0,0,0
"Cincinnati","OH","Ohio",202,39.103119,-84.512016,233,12.1885213851929,1077,242453267,70074549,2011,296187,1,1,1
"Cincinnati","OH","Ohio",202,39.103119,-84.512016,233,12.1885213851929,1077,242453267,70074549,2012,296900,1,1,1
"Cincinnati","OH","Ohio",202,39.103119,-84.512016,233,12.1885213851929,1077,242453267,70074549,2013,297905,0,0,0
"Cincinnati","OH","Ohio",202,39.103119,-84.512016,233,12.1885213851929,1077,242453267,70074549,2014,298626,2,2.5,3.37500000000171
"Cincinnati","OH","Ohio",202,39.103119,-84.512016,233,12.1885213851929,1077,242453267,70074549,2015,299439,6,4.83333333333333,5.60453182414359
"Cincinnati","OH","Ohio",202,39.103119,-84.512016,233,12.1885213851929,1077,242453267,70074549,2016,299748,23,12.8260869565217,9.31231113299095
"Cincinnati","OH","Ohio",202,39.103119,-84.512016,233,12.1885213851929,1077,242453267,70074549,2017,301587,74,11.6576576576577,7.73446138752802
"Cincinnati","OH","Ohio",202,39.103119,-84.512016,233,12.1885213851929,1077,242453267,70074549,2018,302277,119,21.4621848739496,9.01964662130384
"Cincinnati","OH","Ohio",202,39.103119,-84.512016,233,12.1885213851929,1077,242453267,70074549,2019,303940,134,26.9328358208955,10.0608001754116
"Cincinnati","OH","Ohio",202,39.103119,-84.512016,233,12.1885213851929,1077,242453267,70074549,2020,309601,175,44.0514285714286,10.3254726115384
"Cincinnati","OH","Ohio",202,39.103119,-84.512016,233,12.1885213851929,1077,242453267,70074549,2021,308661,269,25.1511771995043,10.0587613045614
"Cincinnati","OH","Ohio",202,39.103119,-84.512016,233,12.1885213851929,1077,242453267,70074549,2022,309405,307,66.3778501628665,9.1459267305661
"Cincinnati","OH","Ohio",202,39.103119,-84.512016,233,12.1885213851929,1077,242453267,70074549,2023,311097,243,36.6072898295121,10.6991170620235
"Cleveland","OH","Ohio",201,41.499321,-81.694359,234,10.2909479141235,947,136928266,85863659,2010,395926,0,0,0
"Cleveland","OH","Ohio",201,41.499321,-81.694359,234,10.2909479141235,947,136928266,85863659,2011,392667,1,1,1
"Cleveland","OH","Ohio",201,41.499321,-81.694359,234,10.2909479141235,947,136928266,85863659,2012,391550,9,5.88888888888889,6.34629058682251
"Cleveland","OH","Ohio",201,41.499321,-81.694359,234,10.2909479141235,947,136928266,85863659,2013,391792,3,5,7.18415315375698
"Cleveland","OH","Ohio",201,41.499321,-81.694359,234,10.2909479141235,947,136928266,85863659,2014,390871,10,5.9,5.83107047403193
"Cleveland","OH","Ohio",201,41.499321,-81.694359,234,10.2909479141235,947,136928266,85863659,2015,389244,15,8.8,6.57547495221305
"Cleveland","OH","Ohio",201,41.499321,-81.694359,234,10.2909479141235,947,136928266,85863659,2016,387662,15,5.93333333333333,4.93062437516141
"Cleveland","OH","Ohio",201,41.499321,-81.694359,234,10.2909479141235,947,136928266,85863659,2017,385252,66,9.96969696969697,5.46206496474861
"Cleveland","OH","Ohio",201,41.499321,-81.694359,234,10.2909479141235,947,136928266,85863659,2018,383214,100,76.45,16.673043304832
"Cleveland","OH","Ohio",201,41.499321,-81.694359,234,10.2909479141235,947,136928266,85863659,2019,381009,83,38.0060240963855,12.1237879662002
"Cleveland","OH","Ohio",201,41.499321,-81.694359,234,10.2909479141235,947,136928266,85863659,2020,371806,146,49.9803082191781,16.1859245073758
"Cleveland","OH","Ohio",201,41.499321,-81.694359,234,10.2909479141235,947,136928266,85863659,2021,365329,119,100.642857142857,20.1324711274826
"Cleveland","OH","Ohio",201,41.499321,-81.694359,234,10.2909479141235,947,136928266,85863659,2022,362806,109,41.8348623853211,14.3896320400779
"Cleveland","OH","Ohio",201,41.499321,-81.694359,234,10.2909479141235,947,136928266,85863659,2023,362656,166,47.855421686747,9.86218895025084
"Columbus","OH","Ohio",570,39.961178,-82.998795,235,11.3451356887817,967,89140701,73966740,2010,790943,0,0,0
"Columbus","OH","Ohio",570,39.961178,-82.998795,235,11.3451356887817,967,89140701,73966740,2011,800607,0,0,0
"Columbus","OH","Ohio",570,39.961178,-82.998795,235,11.3451356887817,967,89140701,73966740,2012,812740,1,1,1
"Columbus","OH","Ohio",570,39.961178,-82.998795,235,11.3451356887817,967,89140701,73966740,2013,827797,0,0,0
"Columbus","OH","Ohio",570,39.961178,-82.998795,235,11.3451356887817,967,89140701,73966740,2014,841673,0,0,0
"Columbus","OH","Ohio",570,39.961178,-82.998795,235,11.3451356887817,967,89140701,73966740,2015,854950,3,5,7.18415315375698
"Columbus","OH","Ohio",570,39.961178,-82.998795,235,11.3451356887817,967,89140701,73966740,2016,866894,4,4.5,4.89130913071361
"Columbus","OH","Ohio",570,39.961178,-82.998795,235,11.3451356887817,967,89140701,73966740,2017,881694,28,36.625,18.4014500277429
"Columbus","OH","Ohio",570,39.961178,-82.998795,235,11.3451356887817,967,89140701,73966740,2018,890869,48,67.9583333333333,23.4029302937622
"Columbus","OH","Ohio",570,39.961178,-82.998795,235,11.3451356887817,967,89140701,73966740,2019,898553,131,31.0381679389313,13.4730039869641
"Columbus","OH","Ohio",570,39.961178,-82.998795,235,11.3451356887817,967,89140701,73966740,2020,906418,173,33.0664739884393,10.7085516330736
"Columbus","OH","Ohio",570,39.961178,-82.998795,235,11.3451356887817,967,89140701,73966740,2021,903184,116,28.0721982758621,13.9748052304911
"Columbus","OH","Ohio",570,39.961178,-82.998795,235,11.3451356887817,967,89140701,73966740,2022,908238,90,42.7222222222222,10.9816519537406
"Columbus","OH","Ohio",570,39.961178,-82.998795,235,11.3451356887817,967,89140701,73966740,2023,913175,154,43.0357142857143,12.2225934568647
"Philadelphia","PA","Pennsylvania",348,39.952583,-75.165222,249,12.7495107650757,1141,252934612,127985949,2010,1528283,0,0,0
"Philadelphia","PA","Pennsylvania",348,39.952583,-75.165222,249,12.7495107650757,1141,252934612,127985949,2011,1540466,1,1,1
"Philadelphia","PA","Pennsylvania",348,39.952583,-75.165222,249,12.7495107650757,1141,252934612,127985949,2012,1551824,0,0,0
"Philadelphia","PA","Pennsylvania",348,39.952583,-75.165222,249,12.7495107650757,1141,252934612,127985949,2013,1558313,0,0,0
"Philadelphia","PA","Pennsylvania",348,39.952583,-75.165222,249,12.7495107650757,1141,252934612,127985949,2014,1565460,4,8.5,12.2750852628228
"Philadelphia","PA","Pennsylvania",348,39.952583,-75.165222,249,12.7495107650757,1141,252934612,127985949,2015,1571065,2,2.5,3.37500000000171
"Philadelphia","PA","Pennsylvania",348,39.952583,-75.165222,249,12.7495107650757,1141,252934612,127985949,2016,1576051,7,6.92857142857143,7.92408312565239
"Philadelphia","PA","Pennsylvania",348,39.952583,-75.165222,249,12.7495107650757,1141,252934612,127985949,2017,1580601,16,5.234375,4.49444786368819
"Philadelphia","PA","Pennsylvania",348,39.952583,-75.165222,249,12.7495107650757,1141,252934612,127985949,2018,1583592,45,35.8,15.4640846131387
"Philadelphia","PA","Pennsylvania",348,39.952583,-75.165222,249,12.7495107650757,1141,252934612,127985949,2019,1584064,98,22.9387755102041,10.6652521875194
"Philadelphia","PA","Pennsylvania",348,39.952583,-75.165222,249,12.7495107650757,1141,252934612,127985949,2020,1600684,189,35.9470899470899,11.2255386679997
"Philadelphia","PA","Pennsylvania",348,39.952583,-75.165222,249,12.7495107650757,1141,252934612,127985949,2021,1589623,229,55.3930131004367,12.9683230809164
"Philadelphia","PA","Pennsylvania",348,39.952583,-75.165222,249,12.7495107650757,1141,252934612,127985949,2022,1566836,238,69.9732142857143,14.9036697040625
"Philadelphia","PA","Pennsylvania",348,39.952583,-75.165222,249,12.7495107650757,1141,252934612,127985949,2023,1550542,299,37.5369751021925,12.0430378800181
"Austin","TX","Texas",829,30.267153,-97.743057,266,19.8988857269287,835,101232046,71747969,2010,806164,2,1,1
"Austin","TX","Texas",829,30.267153,-97.743057,266,19.8988857269287,835,101232046,71747969,2011,828459,0,0,0
"Austin","TX","Texas",829,30.267153,-97.743057,266,19.8988857269287,835,101232046,71747969,2012,854482,2,2.5,3.37500000000171
"Austin","TX","Texas",829,30.267153,-97.743057,266,19.8988857269287,835,101232046,71747969,2013,875003,4,2,2.03060409663475
"Austin","TX","Texas",829,30.267153,-97.743057,266,19.8988857269287,835,101232046,71747969,2014,901170,8,9.5,10.7059791833747
"Austin","TX","Texas",829,30.267153,-97.743057,266,19.8988857269287,835,101232046,71747969,2015,921114,12,10.5,4.66450739050174
"Austin","TX","Texas",829,30.267153,-97.743057,266,19.8988857269287,835,101232046,71747969,2016,939447,30,10.35,3.52206593756388
"Austin","TX","Texas",829,30.267153,-97.743057,266,19.8988857269287,835,101232046,71747969,2017,951553,74,22.8783783783784,6.83204166965316
"Austin","TX","Texas",829,30.267153,-97.743057,266,19.8988857269287,835,101232046,71747969,2018,962469,104,16.9615384615385,5.84261748396759
"Austin","TX","Texas",829,30.267153,-97.743057,266,19.8988857269287,835,101232046,71747969,2019,978908,137,31.8686131386861,5.61794888461421
"Austin","TX","Texas",829,30.267153,-97.743057,266,19.8988857269287,835,101232046,71747969,2020,965827,196,24.969387755102,7.45055353411696
"Austin","TX","Texas",829,30.267153,-97.743057,266,19.8988857269287,835,101232046,71747969,2021,969608,153,22.9411764705882,4.97265771290273
"Austin","TX","Texas",829,30.267153,-97.743057,266,19.8988857269287,835,101232046,71747969,2022,975418,153,45.8169934640523,7.35832888206154
"Austin","TX","Texas",829,30.267153,-97.743057,266,19.8988857269287,835,101232046,71747969,2023,979882,198,13.1658249158249,5.47550073857616
"Dallas","TX","Texas",880,32.776665,-96.796989,272,18.8535308837891,937,70594232,201117522,2010,1200350,0,0,0
"Dallas","TX","Texas",880,32.776665,-96.796989,272,18.8535308837891,937,70594232,201117522,2011,1218282,1,1,1
"Dallas","TX","Texas",880,32.776665,-96.796989,272,18.8535308837891,937,70594232,201117522,2012,1242115,2,2.5,3.37500000000171
"Dallas","TX","Texas",880,32.776665,-96.796989,272,18.8535308837891,937,70594232,201117522,2013,1258835,2,2.5,3.37500000000171
"Dallas","TX","Texas",880,32.776665,-96.796989,272,18.8535308837891,937,70594232,201117522,2014,1279098,4,2,2.03060409663475
"Dallas","TX","Texas",880,32.776665,-96.796989,272,18.8535308837891,937,70594232,201117522,2015,1301329,3,2.33333333333333,2.51984209978993
"Dallas","TX","Texas",880,32.776665,-96.796989,272,18.8535308837891,937,70594232,201117522,2016,1323916,19,22.2105263157895,8.55054205069141
"Dallas","TX","Texas",880,32.776665,-96.796989,272,18.8535308837891,937,70594232,201117522,2017,1342479,47,35.9787234042553,8.64925535792224
"Dallas","TX","Texas",880,32.776665,-96.796989,272,18.8535308837891,937,70594232,201117522,2018,1341802,54,16.8518518518519,5.22959273137458
"Dallas","TX","Texas",880,32.776665,-96.796989,272,18.8535308837891,937,70594232,201117522,2019,1343573,73,14.9452054794521,5.28589022348405
"Dallas","TX","Texas",880,32.776665,-96.796989,272,18.8535308837891,937,70594232,201117522,2020,1303212,197,34.9086294416244,7.35315230835409
"Dallas","TX","Texas",880,32.776665,-96.796989,272,18.8535308837891,937,70594232,201117522,2021,1289705,154,32.8831168831169,5.32999824971566
"Dallas","TX","Texas",880,32.776665,-96.796989,272,18.8535308837891,937,70594232,201117522,2022,1297358,150,24.94,6.48323901764514
"Dallas","TX","Texas",880,32.776665,-96.796989,272,18.8535308837891,937,70594232,201117522,2023,1302868,213,16.4788732394366,5.34001529512975
"Fort Worth","TX","Texas",900,32.755489,-97.330765,276,18.8480319976807,854,57898410,145391799,2010,748441,0,0,0
"Fort Worth","TX","Texas",900,32.755489,-97.330765,276,18.8480319976807,854,57898410,145391799,2011,764142,1,1,1
"Fort Worth","TX","Texas",900,32.755489,-97.330765,276,18.8480319976807,854,57898410,145391799,2012,781046,0,0,0
"Fort Worth","TX","Texas",900,32.755489,-97.330765,276,18.8480319976807,854,57898410,145391799,2013,796073,3,2.33333333333333,2.51984209978993
"Fort Worth","TX","Texas",900,32.755489,-97.330765,276,18.8480319976807,854,57898410,145391799,2014,815057,8,3.875,2.62018682792411
"Fort Worth","TX","Texas",900,32.755489,-97.330765,276,18.8480319976807,854,57898410,145391799,2015,835356,26,5.96153846153846,3.74988836282647
"Fort Worth","TX","Texas",900,32.755489,-97.330765,276,18.8480319976807,854,57898410,145391799,2016,856177,76,9.96052631578947,3.9941002344678
"Fort Worth","TX","Texas",900,32.755489,-97.330765,276,18.8480319976807,854,57898410,145391799,2017,874809,75,26.8,5.85764052665041
"Fort Worth","TX","Texas",900,32.755489,-97.330765,276,18.8480319976807,854,57898410,145391799,2018,893216,121,19.9504132231405,5.18525182181184
"Fort Worth","TX","Texas",900,32.755489,-97.330765,276,18.8480319976807,854,57898410,145391799,2019,909585,143,40.8041958041958,4.27321852821094
"Fort Worth","TX","Texas",900,32.755489,-97.330765,276,18.8480319976807,854,57898410,145391799,2020,923602,252,11.4980158730159,4.7078135762131
"Fort Worth","TX","Texas",900,32.755489,-97.330765,276,18.8480319976807,854,57898410,145391799,2021,937590,195,24.4358974358974,4.57918434030719
"Fort Worth","TX","Texas",900,32.755489,-97.330765,276,18.8480319976807,854,57898410,145391799,2022,957103,183,60.7540983606557,5.19822724132163
"Fort Worth","TX","Texas",900,32.755489,-97.330765,276,18.8480319976807,854,57898410,145391799,2023,978468,182,15.978021978022,3.85038335205294
"San Antonio","TX","Texas",1292,29.424122,-98.493629,298,20.466646194458,784,76003026,82260152,2010,1332299,0,0,0
"San Antonio","TX","Texas",1292,29.424122,-98.493629,298,20.466646194458,784,76003026,82260152,2011,1357120,0,0,0
"San Antonio","TX","Texas",1292,29.424122,-98.493629,298,20.466646194458,784,76003026,82260152,2012,1383075,0,0,0
"San Antonio","TX","Texas",1292,29.424122,-98.493629,298,20.466646194458,784,76003026,82260152,2013,1408339,0,0,0
"San Antonio","TX","Texas",1292,29.424122,-98.493629,298,20.466646194458,784,76003026,82260152,2014,1435456,2,1,1
"San Antonio","TX","Texas",1292,29.424122,-98.493629,298,20.466646194458,784,76003026,82260152,2015,1464043,3,1,1
"San Antonio","TX","Texas",1292,29.424122,-98.493629,298,20.466646194458,784,76003026,82260152,2016,1487843,4,4.5,4.89130913071361
"San Antonio","TX","Texas",1292,29.424122,-98.493629,298,20.466646194458,784,76003026,82260152,2017,1511154,10,9.05,6.10545189739594
"San Antonio","TX","Texas",1292,29.424122,-98.493629,298,20.466646194458,784,76003026,82260152,2018,1530016,42,16.8095238095238,5.14705268179697
"San Antonio","TX","Texas",1292,29.424122,-98.493629,298,20.466646194458,784,76003026,82260152,2019,1547253,87,9.16475095785441,4.47477120926221
"San Antonio","TX","Texas",1292,29.424122,-98.493629,298,20.466646194458,784,76003026,82260152,2020,1439257,136,11.9852941176471,4.65400484829347
"San Antonio","TX","Texas",1292,29.424122,-98.493629,298,20.466646194458,784,76003026,82260152,2021,1454003,145,42.8068965517241,5.13699734587647
"San Antonio","TX","Texas",1292,29.424122,-98.493629,298,20.466646194458,784,76003026,82260152,2022,1473325,138,16.9565217391304,4.86094553485249
"San Antonio","TX","Texas",1292,29.424122,-98.493629,298,20.466646194458,784,76003026,82260152,2023,1495295,183,41.3661202185792,5.38500691311764
"Seattle","WA","Washington",217,47.606209,-122.332069,318,10.9440937042236,1004,252987627,108764897,2010,610630,0,0,0
"Seattle","WA","Washington",217,47.606209,-122.332069,318,10.9440937042236,1004,252987627,108764897,2011,622694,0,0,0
"Seattle","WA","Washington",217,47.606209,-122.332069,318,10.9440937042236,1004,252987627,108764897,2012,635928,6,11.6666666666667,12.4194938348926
"Seattle","WA","Washington",217,47.606209,-122.332069,318,10.9440937042236,1004,252987627,108764897,2013,653588,9,7.66666666666667,6.71781543129264
"Seattle","WA","Washington",217,47.606209,-122.332069,318,10.9440937042236,1004,252987627,108764897,2014,670109,3,2.33333333333333,2.51984209978993
"Seattle","WA","Washington",217,47.606209,-122.332069,318,10.9440937042236,1004,252987627,108764897,2015,687386,1,1,1
"Seattle","WA","Washington",217,47.606209,-122.332069,318,10.9440937042236,1004,252987627,108764897,2016,709631,4,4.5,4.89130913071361
"Seattle","WA","Washington",217,47.606209,-122.332069,318,10.9440937042236,1004,252987627,108764897,2017,728661,11,15.0909090909091,8.05970104507234
"Seattle","WA","Washington",217,47.606209,-122.332069,318,10.9440937042236,1004,252987627,108764897,2018,742235,18,9.125,7.07316583939857
"Seattle","WA","Washington",217,47.606209,-122.332069,318,10.9440937042236,1004,252987627,108764897,2019,753675,34,40.2647058823529,20.5025663526213
"Seattle","WA","Washington",217,47.606209,-122.332069,318,10.9440937042236,1004,252987627,108764897,2020,740565,64,26.859375,15.92137321092
"Seattle","WA","Washington",217,47.606209,-122.332069,318,10.9440937042236,1004,252987627,108764897,2021,731757,97,34.8350515463918,12.6474375908558
"Seattle","WA","Washington",217,47.606209,-122.332069,318,10.9440937042236,1004,252987627,108764897,2022,749134,127,23.5511811023622,11.9068696309384
"Seattle","WA","Washington",217,47.606209,-122.332069,318,10.9440937042236,1004,252987627,108764897,2023,755078,107,32.8504672897196,9.05354756018376
"Milwaukee","WI","Wisconsin",249,43.038902,-87.906471,325,8.48986434936523,811,72391021,65827524,2010,594865,0,0,0
"Milwaukee","WI","Wisconsin",249,43.038902,-87.906471,325,8.48986434936523,811,72391021,65827524,2011,597086,0,0,0
"Milwaukee","WI","Wisconsin",249,43.038902,-87.906471,325,8.48986434936523,811,72391021,65827524,2012,598569,0,0,0
"Milwaukee","WI","Wisconsin",249,43.038902,-87.906471,325,8.48986434936523,811,72391021,65827524,2013,599916,1,1,1
"Milwaukee","WI","Wisconsin",249,43.038902,-87.906471,325,8.48986434936523,811,72391021,65827524,2014,600664,1,1,1
"Milwaukee","WI","Wisconsin",249,43.038902,-87.906471,325,8.48986434936523,811,72391021,65827524,2015,600477,2,2.5,3.37500000000171
"Milwaukee","WI","Wisconsin",249,43.038902,-87.906471,325,8.48986434936523,811,72391021,65827524,2016,596996,2,2.5,3.37500000000171
"Milwaukee","WI","Wisconsin",249,43.038902,-87.906471,325,8.48986434936523,811,72391021,65827524,2017,593725,6,11.6666666666667,12.4194938348926
"Milwaukee","WI","Wisconsin",249,43.038902,-87.906471,325,8.48986434936523,811,72391021,65827524,2018,591375,8,9.5,10.7059791833747
"Milwaukee","WI","Wisconsin",249,43.038902,-87.906471,325,8.48986434936523,811,72391021,65827524,2019,590157,17,8.82352941176471,5.91711583094265
"Milwaukee","WI","Wisconsin",249,43.038902,-87.906471,325,8.48986434936523,811,72391021,65827524,2020,577207,85,21.1764705882353,10.4596180390326
"Milwaukee","WI","Wisconsin",249,43.038902,-87.906471,325,8.48986434936523,811,72391021,65827524,2021,566557,144,27.9375,11.4480427603848
"Milwaukee","WI","Wisconsin",249,43.038902,-87.906471,325,8.48986434936523,811,72391021,65827524,2022,563632,111,57.6756756756757,13.3847648233932
"Milwaukee","WI","Wisconsin",249,43.038902,-87.906471,325,8.48986434936523,811,72391021,65827524,2023,561385,285,30.1035087719298,10.1172813313312
