"City","State_Abbrev","State","area_km2","Lat","Long","ID","Temp","Prec","tcc45km","imperv45km","year","Population","n.obs45km","Median_HH_Income","PovertyIndex","BA_Population","MedianHomeValue"
"Phoenix","AZ","Arizona",1342,33.448376,-112.074036,12,22.3718433380127,202,4007834,151999666,2010,1449038,0,83788,85,657544,410476
"Phoenix","AZ","Arizona",1342,33.448376,-112.074036,12,22.3718433380127,202,4007834,151999666,2011,1469796,0,83788,85,657544,410476
"Phoenix","AZ","Arizona",1342,33.448376,-112.074036,12,22.3718433380127,202,4007834,151999666,2012,1499274,0,83788,85,657544,410476
"Phoenix","AZ","Arizona",1342,33.448376,-112.074036,12,22.3718433380127,202,4007834,151999666,2013,1526491,0,83788,85,657544,410476
"Phoenix","AZ","Arizona",1342,33.448376,-112.074036,12,22.3718433380127,202,4007834,151999666,2014,1555445,0,83788,85,657544,410476
"Phoenix","AZ","Arizona",1342,33.448376,-112.074036,12,22.3718433380127,202,4007834,151999666,2015,1583690,3,83788,85,657544,410476
"Phoenix","AZ","Arizona",1342,33.448376,-112.074036,12,22.3718433380127,202,4007834,151999666,2016,1612199,3,83788,85,657544,410476
"Phoenix","AZ","Arizona",1342,33.448376,-112.074036,12,22.3718433380127,202,4007834,151999666,2017,1633560,4,83788,85,657544,410476
"Phoenix","AZ","Arizona",1342,33.448376,-112.074036,12,22.3718433380127,202,4007834,151999666,2018,1654675,8,83788,85,657544,410476
"Phoenix","AZ","Arizona",1342,33.448376,-112.074036,12,22.3718433380127,202,4007834,151999666,2019,1680992,20,83788,85,657544,410476
"Phoenix","AZ","Arizona",1342,33.448376,-112.074036,12,22.3718433380127,202,4007834,151999666,2020,1612459,65,83788,85,657544,410476
"Phoenix","AZ","Arizona",1342,33.448376,-112.074036,12,22.3718433380127,202,4007834,151999666,2021,1625187,81,83788,85,657544,410476
"Phoenix","AZ","Arizona",1342,33.448376,-112.074036,12,22.3718433380127,202,4007834,151999666,2022,1643899,123,83788,85,657544,410476
"Phoenix","AZ","Arizona",1342,33.448376,-112.074036,12,22.3718433380127,202,4007834,151999666,2023,1650070,112,83788,85,657544,410476
"Los Angeles","CA","California",1216,34.052235,-118.243683,50,18.5593757629395,406,205817311,291245451,2010,3795512,2,87159,110,1676669,812387
"Los Angeles","CA","California",1216,34.052235,-118.243683,50,18.5593757629395,406,205817311,291245451,2011,3820876,1,87159,110,1676669,812387
"Los Angeles","CA","California",1216,34.052235,-118.243683,50,18.5593757629395,406,205817311,291245451,2012,3851202,2,87159,110,1676669,812387
"Los Angeles","CA","California",1216,34.052235,-118.243683,50,18.5593757629395,406,205817311,291245451,2013,3881622,18,87159,110,1676669,812387
"Los Angeles","CA","California",1216,34.052235,-118.243683,50,18.5593757629395,406,205817311,291245451,2014,3909901,5,87159,110,1676669,812387
"Los Angeles","CA","California",1216,34.052235,-118.243683,50,18.5593757629395,406,205817311,291245451,2015,3938568,29,87159,110,1676669,812387
"Los Angeles","CA","California",1216,34.052235,-118.243683,50,18.5593757629395,406,205817311,291245451,2016,3963226,108,87159,110,1676669,812387
"Los Angeles","CA","California",1216,34.052235,-118.243683,50,18.5593757629395,406,205817311,291245451,2017,3975788,118,87159,110,1676669,812387
"Los Angeles","CA","California",1216,34.052235,-118.243683,50,18.5593757629395,406,205817311,291245451,2018,3977596,162,87159,110,1676669,812387
"Los Angeles","CA","California",1216,34.052235,-118.243683,50,18.5593757629395,406,205817311,291245451,2019,3979576,180,87159,110,1676669,812387
"Los Angeles","CA","California",1216,34.052235,-118.243683,50,18.5593757629395,406,205817311,291245451,2020,3895848,320,87159,110,1676669,812387
"Los Angeles","CA","California",1216,34.052235,-118.243683,50,18.5593757629395,406,205817311,291245451,2021,3832573,299,87159,110,1676669,812387
"Los Angeles","CA","California",1216,34.052235,-118.243683,50,18.5593757629395,406,205817311,291245451,2022,3822782,292,87159,110,1676669,812387
"Los Angeles","CA","California",1216,34.052235,-118.243683,50,18.5593757629395,406,205817311,291245451,2023,3820914,311,87159,110,1676669,812387
"Riverside","CA","California",210,33.980602,-117.375496,67,18.0205001831055,346,73774959,115460212,2010,305466,1,95315,87,445681,580223
"Riverside","CA","California",210,33.980602,-117.375496,67,18.0205001831055,346,73774959,115460212,2011,309472,0,95315,87,445681,580223
"Riverside","CA","California",210,33.980602,-117.375496,67,18.0205001831055,346,73774959,115460212,2012,312323,1,95315,87,445681,580223
"Riverside","CA","California",210,33.980602,-117.375496,67,18.0205001831055,346,73774959,115460212,2013,315510,1,95315,87,445681,580223
"Riverside","CA","California",210,33.980602,-117.375496,67,18.0205001831055,346,73774959,115460212,2014,317702,1,95315,87,445681,580223
"Riverside","CA","California",210,33.980602,-117.375496,67,18.0205001831055,346,73774959,115460212,2015,320483,2,95315,87,445681,580223
"Riverside","CA","California",210,33.980602,-117.375496,67,18.0205001831055,346,73774959,115460212,2016,323684,3,95315,87,445681,580223
"Riverside","CA","California",210,33.980602,-117.375496,67,18.0205001831055,346,73774959,115460212,2017,326882,12,95315,87,445681,580223
"Riverside","CA","California",210,33.980602,-117.375496,67,18.0205001831055,346,73774959,115460212,2018,329654,13,95315,87,445681,580223
"Riverside","CA","California",210,33.980602,-117.375496,67,18.0205001831055,346,73774959,115460212,2019,331360,34,95315,87,445681,580223
"Riverside","CA","California",210,33.980602,-117.375496,67,18.0205001831055,346,73774959,115460212,2020,315067,152,95315,87,445681,580223
"Riverside","CA","California",210,33.980602,-117.375496,67,18.0205001831055,346,73774959,115460212,2021,313350,183,95315,87,445681,580223
"Riverside","CA","California",210,33.980602,-117.375496,67,18.0205001831055,346,73774959,115460212,2022,318991,136,95315,87,445681,580223
"Riverside","CA","California",210,33.980602,-117.375496,67,18.0205001831055,346,73774959,115460212,2023,318858,123,95315,87,445681,580223
"Sacramento","CA","California",255,38.581573,-121.4944,69,16.6612281799316,478,19856521,71100068,2010,467286,0,93577,91,347409,557476
"Sacramento","CA","California",255,38.581573,-121.4944,69,16.6612281799316,478,19856521,71100068,2011,470902,0,93577,91,347409,557476
"Sacramento","CA","California",255,38.581573,-121.4944,69,16.6612281799316,478,19856521,71100068,2012,474226,3,93577,91,347409,557476
"Sacramento","CA","California",255,38.581573,-121.4944,69,16.6612281799316,478,19856521,71100068,2013,478214,1,93577,91,347409,557476
"Sacramento","CA","California",255,38.581573,-121.4944,69,16.6612281799316,478,19856521,71100068,2014,482762,5,93577,91,347409,557476
"Sacramento","CA","California",255,38.581573,-121.4944,69,16.6612281799316,478,19856521,71100068,2015,488133,5,93577,91,347409,557476
"Sacramento","CA","California",255,38.581573,-121.4944,69,16.6612281799316,478,19856521,71100068,2016,494127,5,93577,91,347409,557476
"Sacramento","CA","California",255,38.581573,-121.4944,69,16.6612281799316,478,19856521,71100068,2017,500777,6,93577,91,347409,557476
"Sacramento","CA","California",255,38.581573,-121.4944,69,16.6612281799316,478,19856521,71100068,2018,507737,25,93577,91,347409,557476
"Sacramento","CA","California",255,38.581573,-121.4944,69,16.6612281799316,478,19856521,71100068,2019,513624,138,93577,91,347409,557476
"Sacramento","CA","California",255,38.581573,-121.4944,69,16.6612281799316,478,19856521,71100068,2020,525528,239,93577,91,347409,557476
"Sacramento","CA","California",255,38.581573,-121.4944,69,16.6612281799316,478,19856521,71100068,2021,525502,185,93577,91,347409,557476
"Sacramento","CA","California",255,38.581573,-121.4944,69,16.6612281799316,478,19856521,71100068,2022,525297,211,93577,91,347409,557476
"Sacramento","CA","California",255,38.581573,-121.4944,69,16.6612281799316,478,19856521,71100068,2023,526384,178,93577,91,347409,557476
"San Diego","CA","California",844,32.715736,-117.161087,72,18.0704250335693,301,893096244,502743750,2010,1305906,1,103759,80,473416,815537
"San Diego","CA","California",844,32.715736,-117.161087,72,18.0704250335693,301,893096244,502743750,2011,1319592,1,103759,80,473416,815537
"San Diego","CA","California",844,32.715736,-117.161087,72,18.0704250335693,301,893096244,502743750,2012,1336776,2,103759,80,473416,815537
"San Diego","CA","California",844,32.715736,-117.161087,72,18.0704250335693,301,893096244,502743750,2013,1355320,5,103759,80,473416,815537
"San Diego","CA","California",844,32.715736,-117.161087,72,18.0704250335693,301,893096244,502743750,2014,1375831,6,103759,80,473416,815537
"San Diego","CA","California",844,32.715736,-117.161087,72,18.0704250335693,301,893096244,502743750,2015,1387323,15,103759,80,473416,815537
"San Diego","CA","California",844,32.715736,-117.161087,72,18.0704250335693,301,893096244,502743750,2016,1402089,35,103759,80,473416,815537
"San Diego","CA","California",844,32.715736,-117.161087,72,18.0704250335693,301,893096244,502743750,2017,1412621,56,103759,80,473416,815537
"San Diego","CA","California",844,32.715736,-117.161087,72,18.0704250335693,301,893096244,502743750,2018,1421917,75,103759,80,473416,815537
"San Diego","CA","California",844,32.715736,-117.161087,72,18.0704250335693,301,893096244,502743750,2019,1423851,154,103759,80,473416,815537
"San Diego","CA","California",844,32.715736,-117.161087,72,18.0704250335693,301,893096244,502743750,2020,1386292,300,103759,80,473416,815537
"San Diego","CA","California",844,32.715736,-117.161087,72,18.0704250335693,301,893096244,502743750,2021,1376142,359,103759,80,473416,815537
"San Diego","CA","California",844,32.715736,-117.161087,72,18.0704250335693,301,893096244,502743750,2022,1387378,294,103759,80,473416,815537
"San Diego","CA","California",844,32.715736,-117.161087,72,18.0704250335693,301,893096244,502743750,2023,1388320,397,103759,80,473416,815537
"San Francisco","CA","California",122,37.774929,-122.419418,73,14.050271987915,783,464429330,281472071,2010,805505,0,129761,74,902491,1169449
"San Francisco","CA","California",122,37.774929,-122.419418,73,14.050271987915,783,464429330,281472071,2011,815650,1,129761,74,902491,1169449
"San Francisco","CA","California",122,37.774929,-122.419418,73,14.050271987915,783,464429330,281472071,2012,828876,3,129761,74,902491,1169449
"San Francisco","CA","California",122,37.774929,-122.419418,73,14.050271987915,783,464429330,281472071,2013,839572,17,129761,74,902491,1169449
"San Francisco","CA","California",122,37.774929,-122.419418,73,14.050271987915,783,464429330,281472071,2014,850750,32,129761,74,902491,1169449
"San Francisco","CA","California",122,37.774929,-122.419418,73,14.050271987915,783,464429330,281472071,2015,863010,25,129761,74,902491,1169449
"San Francisco","CA","California",122,37.774929,-122.419418,73,14.050271987915,783,464429330,281472071,2016,871512,42,129761,74,902491,1169449
"San Francisco","CA","California",122,37.774929,-122.419418,73,14.050271987915,783,464429330,281472071,2017,878040,56,129761,74,902491,1169449
"San Francisco","CA","California",122,37.774929,-122.419418,73,14.050271987915,783,464429330,281472071,2018,880696,126,129761,74,902491,1169449
"San Francisco","CA","California",122,37.774929,-122.419418,73,14.050271987915,783,464429330,281472071,2019,881549,313,129761,74,902491,1169449
"San Francisco","CA","California",122,37.774929,-122.419418,73,14.050271987915,783,464429330,281472071,2020,870518,416,129761,74,902491,1169449
"San Francisco","CA","California",122,37.774929,-122.419418,73,14.050271987915,783,464429330,281472071,2021,811935,264,129761,74,902491,1169449
"San Francisco","CA","California",122,37.774929,-122.419418,73,14.050271987915,783,464429330,281472071,2022,807774,239,129761,74,902491,1169449
"San Francisco","CA","California",122,37.774929,-122.419418,73,14.050271987915,783,464429330,281472071,2023,808988,267,129761,74,902491,1169449
"San Jose","CA","California",462,37.338207,-121.88633,74,15.8498020172119,403,168519859,83120630,2010,954940,0,154866,55,670482,1339806
"San Jose","CA","California",462,37.338207,-121.88633,74,15.8498020172119,403,168519859,83120630,2011,970369,1,154866,55,670482,1339806
"San Jose","CA","California",462,37.338207,-121.88633,74,15.8498020172119,403,168519859,83120630,2012,983530,1,154866,55,670482,1339806
"San Jose","CA","California",462,37.338207,-121.88633,74,15.8498020172119,403,168519859,83120630,2013,1001279,6,154866,55,670482,1339806
"San Jose","CA","California",462,37.338207,-121.88633,74,15.8498020172119,403,168519859,83120630,2014,1014273,11,154866,55,670482,1339806
"San Jose","CA","California",462,37.338207,-121.88633,74,15.8498020172119,403,168519859,83120630,2015,1025980,11,154866,55,670482,1339806
"San Jose","CA","California",462,37.338207,-121.88633,74,15.8498020172119,403,168519859,83120630,2016,1030242,21,154866,55,670482,1339806
"San Jose","CA","California",462,37.338207,-121.88633,74,15.8498020172119,403,168519859,83120630,2017,1032335,51,154866,55,670482,1339806
"San Jose","CA","California",462,37.338207,-121.88633,74,15.8498020172119,403,168519859,83120630,2018,1028020,111,154866,55,670482,1339806
"San Jose","CA","California",462,37.338207,-121.88633,74,15.8498020172119,403,168519859,83120630,2019,1021795,159,154866,55,670482,1339806
"San Jose","CA","California",462,37.338207,-121.88633,74,15.8498020172119,403,168519859,83120630,2020,1009319,359,154866,55,670482,1339806
"San Jose","CA","California",462,37.338207,-121.88633,74,15.8498020172119,403,168519859,83120630,2021,981214,240,154866,55,670482,1339806
"San Jose","CA","California",462,37.338207,-121.88633,74,15.8498020172119,403,168519859,83120630,2022,972082,181,154866,55,670482,1339806
"San Jose","CA","California",462,37.338207,-121.88633,74,15.8498020172119,403,168519859,83120630,2023,969655,212,154866,55,670482,1339806
"Santa Ana","CA","California",71,33.745472,-117.867653,76,18.1628952026367,342,385206201,374543494,2010,325327,1,96787,92,1199112,750418
"Santa Ana","CA","California",71,33.745472,-117.867653,76,18.1628952026367,342,385206201,374543494,2011,328227,2,96787,92,1199112,750418
"Santa Ana","CA","California",71,33.745472,-117.867653,76,18.1628952026367,342,385206201,374543494,2012,330550,2,96787,92,1199112,750418
"Santa Ana","CA","California",71,33.745472,-117.867653,76,18.1628952026367,342,385206201,374543494,2013,333716,3,96787,92,1199112,750418
"Santa Ana","CA","California",71,33.745472,-117.867653,76,18.1628952026367,342,385206201,374543494,2014,333431,11,96787,92,1199112,750418
"Santa Ana","CA","California",71,33.745472,-117.867653,76,18.1628952026367,342,385206201,374543494,2015,333417,17,96787,92,1199112,750418
"Santa Ana","CA","California",71,33.745472,-117.867653,76,18.1628952026367,342,385206201,374543494,2016,333765,40,96787,92,1199112,750418
"Santa Ana","CA","California",71,33.745472,-117.867653,76,18.1628952026367,342,385206201,374543494,2017,332627,35,96787,92,1199112,750418
"Santa Ana","CA","California",71,33.745472,-117.867653,76,18.1628952026367,342,385206201,374543494,2018,331912,64,96787,92,1199112,750418
"Santa Ana","CA","California",71,33.745472,-117.867653,76,18.1628952026367,342,385206201,374543494,2019,332318,156,96787,92,1199112,750418
"Santa Ana","CA","California",71,33.745472,-117.867653,76,18.1628952026367,342,385206201,374543494,2020,311244,300,96787,92,1199112,750418
"Santa Ana","CA","California",71,33.745472,-117.867653,76,18.1628952026367,342,385206201,374543494,2021,311166,437,96787,92,1199112,750418
"Santa Ana","CA","California",71,33.745472,-117.867653,76,18.1628952026367,342,385206201,374543494,2022,310648,410,96787,92,1199112,750418
"Santa Ana","CA","California",71,33.745472,-117.867653,76,18.1628952026367,342,385206201,374543494,2023,310539,518,96787,92,1199112,750418
"Denver","CO","Colorado",397,39.739235,-104.99025,99,10.4120626449585,416,80428466,100368992,2010,603359,2,102352,68,681740,580265
"Denver","CO","Colorado",397,39.739235,-104.99025,99,10.4120626449585,416,80428466,100368992,2011,620530,0,102352,68,681740,580265
"Denver","CO","Colorado",397,39.739235,-104.99025,99,10.4120626449585,416,80428466,100368992,2012,635163,0,102352,68,681740,580265
"Denver","CO","Colorado",397,39.739235,-104.99025,99,10.4120626449585,416,80428466,100368992,2013,649391,3,102352,68,681740,580265
"Denver","CO","Colorado",397,39.739235,-104.99025,99,10.4120626449585,416,80428466,100368992,2014,664582,4,102352,68,681740,580265
"Denver","CO","Colorado",397,39.739235,-104.99025,99,10.4120626449585,416,80428466,100368992,2015,683285,7,102352,68,681740,580265
"Denver","CO","Colorado",397,39.739235,-104.99025,99,10.4120626449585,416,80428466,100368992,2016,696159,8,102352,68,681740,580265
"Denver","CO","Colorado",397,39.739235,-104.99025,99,10.4120626449585,416,80428466,100368992,2017,704961,29,102352,68,681740,580265
"Denver","CO","Colorado",397,39.739235,-104.99025,99,10.4120626449585,416,80428466,100368992,2018,716265,51,102352,68,681740,580265
"Denver","CO","Colorado",397,39.739235,-104.99025,99,10.4120626449585,416,80428466,100368992,2019,727211,79,102352,68,681740,580265
"Denver","CO","Colorado",397,39.739235,-104.99025,99,10.4120626449585,416,80428466,100368992,2020,717606,113,102352,68,681740,580265
"Denver","CO","Colorado",397,39.739235,-104.99025,99,10.4120626449585,416,80428466,100368992,2021,711467,106,102352,68,681740,580265
"Denver","CO","Colorado",397,39.739235,-104.99025,99,10.4120626449585,416,80428466,100368992,2022,713453,143,102352,68,681740,580265
"Denver","CO","Colorado",397,39.739235,-104.99025,99,10.4120626449585,416,80428466,100368992,2023,716577,149,102352,68,681740,580265
"Jacksonville","FL","Florida",1936,30.332184,-81.655647,120,20.7975006103516,1290,432520227,143827723,2010,823114,0,76537,96,239082,307252
"Jacksonville","FL","Florida",1936,30.332184,-81.655647,120,20.7975006103516,1290,432520227,143827723,2011,829609,0,76537,96,239082,307252
"Jacksonville","FL","Florida",1936,30.332184,-81.655647,120,20.7975006103516,1290,432520227,143827723,2012,837013,0,76537,96,239082,307252
"Jacksonville","FL","Florida",1936,30.332184,-81.655647,120,20.7975006103516,1290,432520227,143827723,2013,842735,0,76537,96,239082,307252
"Jacksonville","FL","Florida",1936,30.332184,-81.655647,120,20.7975006103516,1290,432520227,143827723,2014,852494,1,76537,96,239082,307252
"Jacksonville","FL","Florida",1936,30.332184,-81.655647,120,20.7975006103516,1290,432520227,143827723,2015,865836,1,76537,96,239082,307252
"Jacksonville","FL","Florida",1936,30.332184,-81.655647,120,20.7975006103516,1290,432520227,143827723,2016,880520,1,76537,96,239082,307252
"Jacksonville","FL","Florida",1936,30.332184,-81.655647,120,20.7975006103516,1290,432520227,143827723,2017,892025,1,76537,96,239082,307252
"Jacksonville","FL","Florida",1936,30.332184,-81.655647,120,20.7975006103516,1290,432520227,143827723,2018,902437,1,76537,96,239082,307252
"Jacksonville","FL","Florida",1936,30.332184,-81.655647,120,20.7975006103516,1290,432520227,143827723,2019,911507,5,76537,96,239082,307252
"Jacksonville","FL","Florida",1936,30.332184,-81.655647,120,20.7975006103516,1290,432520227,143827723,2020,951880,8,76537,96,239082,307252
"Jacksonville","FL","Florida",1936,30.332184,-81.655647,120,20.7975006103516,1290,432520227,143827723,2021,957410,118,76537,96,239082,307252
"Jacksonville","FL","Florida",1936,30.332184,-81.655647,120,20.7975006103516,1290,432520227,143827723,2022,971777,45,76537,96,239082,307252
"Jacksonville","FL","Florida",1936,30.332184,-81.655647,120,20.7975006103516,1290,432520227,143827723,2023,985843,57,76537,96,239082,307252
"Orlando","FL","Florida",287,28.538336,-81.379234,125,22.2163333892822,1229,219256640,84353316,2010,239326,1,76809,92,440996,343826
"Orlando","FL","Florida",287,28.538336,-81.379234,125,22.2163333892822,1229,219256640,84353316,2011,243620,1,76809,92,440996,343826
"Orlando","FL","Florida",287,28.538336,-81.379234,125,22.2163333892822,1229,219256640,84353316,2012,249935,0,76809,92,440996,343826
"Orlando","FL","Florida",287,28.538336,-81.379234,125,22.2163333892822,1229,219256640,84353316,2013,255135,0,76809,92,440996,343826
"Orlando","FL","Florida",287,28.538336,-81.379234,125,22.2163333892822,1229,219256640,84353316,2014,262469,1,76809,92,440996,343826
"Orlando","FL","Florida",287,28.538336,-81.379234,125,22.2163333892822,1229,219256640,84353316,2015,270786,3,76809,92,440996,343826
"Orlando","FL","Florida",287,28.538336,-81.379234,125,22.2163333892822,1229,219256640,84353316,2016,278512,1,76809,92,440996,343826
"Orlando","FL","Florida",287,28.538336,-81.379234,125,22.2163333892822,1229,219256640,84353316,2017,281804,10,76809,92,440996,343826
"Orlando","FL","Florida",287,28.538336,-81.379234,125,22.2163333892822,1229,219256640,84353316,2018,285903,22,76809,92,440996,343826
"Orlando","FL","Florida",287,28.538336,-81.379234,125,22.2163333892822,1229,219256640,84353316,2019,287442,56,76809,92,440996,343826
"Orlando","FL","Florida",287,28.538336,-81.379234,125,22.2163333892822,1229,219256640,84353316,2020,307834,54,76809,92,440996,343826
"Orlando","FL","Florida",287,28.538336,-81.379234,125,22.2163333892822,1229,219256640,84353316,2021,309885,92,76809,92,440996,343826
"Orlando","FL","Florida",287,28.538336,-81.379234,125,22.2163333892822,1229,219256640,84353316,2022,315859,73,76809,92,440996,343826
"Orlando","FL","Florida",287,28.538336,-81.379234,125,22.2163333892822,1229,219256640,84353316,2023,320742,83,76809,92,440996,343826
"Tampa","FL","Florida",295,27.950575,-82.457176,132,22.6249446868896,1268,161893175,112091370,2010,337053,0,72894,98,487088,320725
"Tampa","FL","Florida",295,27.950575,-82.457176,132,22.6249446868896,1268,161893175,112091370,2011,342589,0,72894,98,487088,320725
"Tampa","FL","Florida",295,27.950575,-82.457176,132,22.6249446868896,1268,161893175,112091370,2012,348090,0,72894,98,487088,320725
"Tampa","FL","Florida",295,27.950575,-82.457176,132,22.6249446868896,1268,161893175,112091370,2013,355172,0,72894,98,487088,320725
"Tampa","FL","Florida",295,27.950575,-82.457176,132,22.6249446868896,1268,161893175,112091370,2014,362664,4,72894,98,487088,320725
"Tampa","FL","Florida",295,27.950575,-82.457176,132,22.6249446868896,1268,161893175,112091370,2015,371464,1,72894,98,487088,320725
"Tampa","FL","Florida",295,27.950575,-82.457176,132,22.6249446868896,1268,161893175,112091370,2016,380344,0,72894,98,487088,320725
"Tampa","FL","Florida",295,27.950575,-82.457176,132,22.6249446868896,1268,161893175,112091370,2017,391026,3,72894,98,487088,320725
"Tampa","FL","Florida",295,27.950575,-82.457176,132,22.6249446868896,1268,161893175,112091370,2018,397232,40,72894,98,487088,320725
"Tampa","FL","Florida",295,27.950575,-82.457176,132,22.6249446868896,1268,161893175,112091370,2019,399700,49,72894,98,487088,320725
"Tampa","FL","Florida",295,27.950575,-82.457176,132,22.6249446868896,1268,161893175,112091370,2020,387924,51,72894,98,487088,320725
"Tampa","FL","Florida",295,27.950575,-82.457176,132,22.6249446868896,1268,161893175,112091370,2021,392929,83,72894,98,487088,320725
"Tampa","FL","Florida",295,27.950575,-82.457176,132,22.6249446868896,1268,161893175,112091370,2022,398325,100,72894,98,487088,320725
"Tampa","FL","Florida",295,27.950575,-82.457176,132,22.6249446868896,1268,161893175,112091370,2023,403364,112,72894,98,487088,320725
"Chicago","IL","Illinois",590,41.878113,-87.629799,148,9.7170934677124,928,59993732,183337524,2010,2697477,1,83146,103,1091709,315562
"Chicago","IL","Illinois",590,41.878113,-87.629799,148,9.7170934677124,928,59993732,183337524,2011,2708114,2,83146,103,1091709,315562
"Chicago","IL","Illinois",590,41.878113,-87.629799,148,9.7170934677124,928,59993732,183337524,2012,2719141,1,83146,103,1091709,315562
"Chicago","IL","Illinois",590,41.878113,-87.629799,148,9.7170934677124,928,59993732,183337524,2013,2725731,6,83146,103,1091709,315562
"Chicago","IL","Illinois",590,41.878113,-87.629799,148,9.7170934677124,928,59993732,183337524,2014,2727066,8,83146,103,1091709,315562
"Chicago","IL","Illinois",590,41.878113,-87.629799,148,9.7170934677124,928,59993732,183337524,2015,2724344,12,83146,103,1091709,315562
"Chicago","IL","Illinois",590,41.878113,-87.629799,148,9.7170934677124,928,59993732,183337524,2016,2716723,17,83146,103,1091709,315562
"Chicago","IL","Illinois",590,41.878113,-87.629799,148,9.7170934677124,928,59993732,183337524,2017,2711069,26,83146,103,1091709,315562
"Chicago","IL","Illinois",590,41.878113,-87.629799,148,9.7170934677124,928,59993732,183337524,2018,2701423,52,83146,103,1091709,315562
"Chicago","IL","Illinois",590,41.878113,-87.629799,148,9.7170934677124,928,59993732,183337524,2019,2693976,106,83146,103,1091709,315562
"Chicago","IL","Illinois",590,41.878113,-87.629799,148,9.7170934677124,928,59993732,183337524,2020,2743329,202,83146,103,1091709,315562
"Chicago","IL","Illinois",590,41.878113,-87.629799,148,9.7170934677124,928,59993732,183337524,2021,2704101,268,83146,103,1091709,315562
"Chicago","IL","Illinois",590,41.878113,-87.629799,148,9.7170934677124,928,59993732,183337524,2022,2672660,382,83146,103,1091709,315562
"Chicago","IL","Illinois",590,41.878113,-87.629799,148,9.7170934677124,928,59993732,183337524,2023,2664452,434,83146,103,1091709,315562
"Detroit","MI","Michigan",359,42.331429,-83.045753,185,9.54926013946533,877,736172820,487372795,2010,711131,0,70927,115,492268,220755
"Detroit","MI","Michigan",359,42.331429,-83.045753,185,9.54926013946533,877,736172820,487372795,2011,705118,0,70927,115,492268,220755
"Detroit","MI","Michigan",359,42.331429,-83.045753,185,9.54926013946533,877,736172820,487372795,2012,700183,0,70927,115,492268,220755
"Detroit","MI","Michigan",359,42.331429,-83.045753,185,9.54926013946533,877,736172820,487372795,2013,691868,1,70927,115,492268,220755
"Detroit","MI","Michigan",359,42.331429,-83.045753,185,9.54926013946533,877,736172820,487372795,2014,682609,0,70927,115,492268,220755
"Detroit","MI","Michigan",359,42.331429,-83.045753,185,9.54926013946533,877,736172820,487372795,2015,679410,2,70927,115,492268,220755
"Detroit","MI","Michigan",359,42.331429,-83.045753,185,9.54926013946533,877,736172820,487372795,2016,677143,7,70927,115,492268,220755
"Detroit","MI","Michigan",359,42.331429,-83.045753,185,9.54926013946533,877,736172820,487372795,2017,674631,7,70927,115,492268,220755
"Detroit","MI","Michigan",359,42.331429,-83.045753,185,9.54926013946533,877,736172820,487372795,2018,672977,4,70927,115,492268,220755
"Detroit","MI","Michigan",359,42.331429,-83.045753,185,9.54926013946533,877,736172820,487372795,2019,670031,12,70927,115,492268,220755
"Detroit","MI","Michigan",359,42.331429,-83.045753,185,9.54926013946533,877,736172820,487372795,2020,638300,53,70927,115,492268,220755
"Detroit","MI","Michigan",359,42.331429,-83.045753,185,9.54926013946533,877,736172820,487372795,2021,633738,78,70927,115,492268,220755
"Detroit","MI","Michigan",359,42.331429,-83.045753,185,9.54926013946533,877,736172820,487372795,2022,631366,123,70927,115,492268,220755
"Detroit","MI","Michigan",359,42.331429,-83.045753,185,9.54926013946533,877,736172820,487372795,2023,633218,97,70927,115,492268,220755
"Albuquerque","NM","New Mexico",485,35.084385,-106.650421,213,13.4953327178955,258,39452240,29516662,2010,546755,0,68320,118,122079,268824
"Albuquerque","NM","New Mexico",485,35.084385,-106.650421,213,13.4953327178955,258,39452240,29516662,2011,552066,0,68320,118,122079,268824
"Albuquerque","NM","New Mexico",485,35.084385,-106.650421,213,13.4953327178955,258,39452240,29516662,2012,555002,4,68320,118,122079,268824
"Albuquerque","NM","New Mexico",485,35.084385,-106.650421,213,13.4953327178955,258,39452240,29516662,2013,557445,4,68320,118,122079,268824
"Albuquerque","NM","New Mexico",485,35.084385,-106.650421,213,13.4953327178955,258,39452240,29516662,2014,557444,3,68320,118,122079,268824
"Albuquerque","NM","New Mexico",485,35.084385,-106.650421,213,13.4953327178955,258,39452240,29516662,2015,557937,1,68320,118,122079,268824
"Albuquerque","NM","New Mexico",485,35.084385,-106.650421,213,13.4953327178955,258,39452240,29516662,2016,559192,3,68320,118,122079,268824
"Albuquerque","NM","New Mexico",485,35.084385,-106.650421,213,13.4953327178955,258,39452240,29516662,2017,559673,3,68320,118,122079,268824
"Albuquerque","NM","New Mexico",485,35.084385,-106.650421,213,13.4953327178955,258,39452240,29516662,2018,559629,9,68320,118,122079,268824
"Albuquerque","NM","New Mexico",485,35.084385,-106.650421,213,13.4953327178955,258,39452240,29516662,2019,560513,35,68320,118,122079,268824
"Albuquerque","NM","New Mexico",485,35.084385,-106.650421,213,13.4953327178955,258,39452240,29516662,2020,564888,38,68320,118,122079,268824
"Albuquerque","NM","New Mexico",485,35.084385,-106.650421,213,13.4953327178955,258,39452240,29516662,2021,563354,98,68320,118,122079,268824
"Albuquerque","NM","New Mexico",485,35.084385,-106.650421,213,13.4953327178955,258,39452240,29516662,2022,561368,161,68320,118,122079,268824
"Albuquerque","NM","New Mexico",485,35.084385,-106.650421,213,13.4953327178955,258,39452240,29516662,2023,560274,118,68320,118,122079,268824
"Charlotte","NC","North Carolina",799,35.227085,-80.843124,222,15.7206773757935,1147,292612257,82696826,2010,738444,0,83462,78,434675,347102
"Charlotte","NC","North Carolina",799,35.227085,-80.843124,222,15.7206773757935,1147,292612257,82696826,2011,754829,1,83462,78,434675,347102
"Charlotte","NC","North Carolina",799,35.227085,-80.843124,222,15.7206773757935,1147,292612257,82696826,2012,773264,0,83462,78,434675,347102
"Charlotte","NC","North Carolina",799,35.227085,-80.843124,222,15.7206773757935,1147,292612257,82696826,2013,792047,0,83462,78,434675,347102
"Charlotte","NC","North Carolina",799,35.227085,-80.843124,222,15.7206773757935,1147,292612257,82696826,2014,807400,1,83462,78,434675,347102
"Charlotte","NC","North Carolina",799,35.227085,-80.843124,222,15.7206773757935,1147,292612257,82696826,2015,825668,1,83462,78,434675,347102
"Charlotte","NC","North Carolina",799,35.227085,-80.843124,222,15.7206773757935,1147,292612257,82696826,2016,843117,0,83462,78,434675,347102
"Charlotte","NC","North Carolina",799,35.227085,-80.843124,222,15.7206773757935,1147,292612257,82696826,2017,860002,2,83462,78,434675,347102
"Charlotte","NC","North Carolina",799,35.227085,-80.843124,222,15.7206773757935,1147,292612257,82696826,2018,872514,12,83462,78,434675,347102
"Charlotte","NC","North Carolina",799,35.227085,-80.843124,222,15.7206773757935,1147,292612257,82696826,2019,885708,20,83462,78,434675,347102
"Charlotte","NC","North Carolina",799,35.227085,-80.843124,222,15.7206773757935,1147,292612257,82696826,2020,875752,38,83462,78,434675,347102
"Charlotte","NC","North Carolina",799,35.227085,-80.843124,222,15.7206773757935,1147,292612257,82696826,2021,883012,79,83462,78,434675,347102
"Charlotte","NC","North Carolina",799,35.227085,-80.843124,222,15.7206773757935,1147,292612257,82696826,2022,895704,46,83462,78,434675,347102
"Charlotte","NC","North Carolina",799,35.227085,-80.843124,222,15.7206773757935,1147,292612257,82696826,2023,911311,62,83462,78,434675,347102
"Raleigh","NC","North Carolina",381,35.779591,-78.638176,228,15.5168542861938,1158,353078514,58311055,2010,406353,0,92077,74,393177,381340
"Raleigh","NC","North Carolina",381,35.779591,-78.638176,228,15.5168542861938,1158,353078514,58311055,2011,413958,2,92077,74,393177,381340
"Raleigh","NC","North Carolina",381,35.779591,-78.638176,228,15.5168542861938,1158,353078514,58311055,2012,423304,0,92077,74,393177,381340
"Raleigh","NC","North Carolina",381,35.779591,-78.638176,228,15.5168542861938,1158,353078514,58311055,2013,431391,2,92077,74,393177,381340
"Raleigh","NC","North Carolina",381,35.779591,-78.638176,228,15.5168542861938,1158,353078514,58311055,2014,439503,1,92077,74,393177,381340
"Raleigh","NC","North Carolina",381,35.779591,-78.638176,228,15.5168542861938,1158,353078514,58311055,2015,449546,3,92077,74,393177,381340
"Raleigh","NC","North Carolina",381,35.779591,-78.638176,228,15.5168542861938,1158,353078514,58311055,2016,459469,10,92077,74,393177,381340
"Raleigh","NC","North Carolina",381,35.779591,-78.638176,228,15.5168542861938,1158,353078514,58311055,2017,465776,14,92077,74,393177,381340
"Raleigh","NC","North Carolina",381,35.779591,-78.638176,228,15.5168542861938,1158,353078514,58311055,2018,469314,28,92077,74,393177,381340
"Raleigh","NC","North Carolina",381,35.779591,-78.638176,228,15.5168542861938,1158,353078514,58311055,2019,474069,66,92077,74,393177,381340
"Raleigh","NC","North Carolina",381,35.779591,-78.638176,228,15.5168542861938,1158,353078514,58311055,2020,465354,174,92077,74,393177,381340
"Raleigh","NC","North Carolina",381,35.779591,-78.638176,228,15.5168542861938,1158,353078514,58311055,2021,470813,204,92077,74,393177,381340
"Raleigh","NC","North Carolina",381,35.779591,-78.638176,228,15.5168542861938,1158,353078514,58311055,2022,473423,195,92077,74,393177,381340
"Raleigh","NC","North Carolina",381,35.779591,-78.638176,228,15.5168542861938,1158,353078514,58311055,2023,482295,279,92077,74,393177,381340
"Cincinnati","OH","Ohio",202,39.103119,-84.512016,233,12.1885213851929,1077,242453267,70074549,2010,296980,0,79584,94,316316,243017
"Cincinnati","OH","Ohio",202,39.103119,-84.512016,233,12.1885213851929,1077,242453267,70074549,2011,296187,1,79584,94,316316,243017
"Cincinnati","OH","Ohio",202,39.103119,-84.512016,233,12.1885213851929,1077,242453267,70074549,2012,296900,1,79584,94,316316,243017
"Cincinnati","OH","Ohio",202,39.103119,-84.512016,233,12.1885213851929,1077,242453267,70074549,2013,297905,0,79584,94,316316,243017
"Cincinnati","OH","Ohio",202,39.103119,-84.512016,233,12.1885213851929,1077,242453267,70074549,2014,298626,2,79584,94,316316,243017
"Cincinnati","OH","Ohio",202,39.103119,-84.512016,233,12.1885213851929,1077,242453267,70074549,2015,299439,6,79584,94,316316,243017
"Cincinnati","OH","Ohio",202,39.103119,-84.512016,233,12.1885213851929,1077,242453267,70074549,2016,299748,23,79584,94,316316,243017
"Cincinnati","OH","Ohio",202,39.103119,-84.512016,233,12.1885213851929,1077,242453267,70074549,2017,301587,74,79584,94,316316,243017
"Cincinnati","OH","Ohio",202,39.103119,-84.512016,233,12.1885213851929,1077,242453267,70074549,2018,302277,119,79584,94,316316,243017
"Cincinnati","OH","Ohio",202,39.103119,-84.512016,233,12.1885213851929,1077,242453267,70074549,2019,303940,134,79584,94,316316,243017
"Cincinnati","OH","Ohio",202,39.103119,-84.512016,233,12.1885213851929,1077,242453267,70074549,2020,309601,175,79584,94,316316,243017
"Cincinnati","OH","Ohio",202,39.103119,-84.512016,233,12.1885213851929,1077,242453267,70074549,2021,308661,269,79584,94,316316,243017
"Cincinnati","OH","Ohio",202,39.103119,-84.512016,233,12.1885213851929,1077,242453267,70074549,2022,309405,307,79584,94,316316,243017
"Cincinnati","OH","Ohio",202,39.103119,-84.512016,233,12.1885213851929,1077,242453267,70074549,2023,311097,243,79584,94,316316,243017
"Cleveland","OH","Ohio",201,41.499321,-81.694359,234,10.2909479141235,947,136928266,85863659,2010,395926,0,NA,NA,NA,NA
"Cleveland","OH","Ohio",201,41.499321,-81.694359,234,10.2909479141235,947,136928266,85863659,2011,392667,1,NA,NA,NA,NA
"Cleveland","OH","Ohio",201,41.499321,-81.694359,234,10.2909479141235,947,136928266,85863659,2012,391550,9,NA,NA,NA,NA
"Cleveland","OH","Ohio",201,41.499321,-81.694359,234,10.2909479141235,947,136928266,85863659,2013,391792,3,NA,NA,NA,NA
"Cleveland","OH","Ohio",201,41.499321,-81.694359,234,10.2909479141235,947,136928266,85863659,2014,390871,10,NA,NA,NA,NA
"Cleveland","OH","Ohio",201,41.499321,-81.694359,234,10.2909479141235,947,136928266,85863659,2015,389244,15,NA,NA,NA,NA
"Cleveland","OH","Ohio",201,41.499321,-81.694359,234,10.2909479141235,947,136928266,85863659,2016,387662,15,NA,NA,NA,NA
"Cleveland","OH","Ohio",201,41.499321,-81.694359,234,10.2909479141235,947,136928266,85863659,2017,385252,66,NA,NA,NA,NA
"Cleveland","OH","Ohio",201,41.499321,-81.694359,234,10.2909479141235,947,136928266,85863659,2018,383214,100,NA,NA,NA,NA
"Cleveland","OH","Ohio",201,41.499321,-81.694359,234,10.2909479141235,947,136928266,85863659,2019,381009,83,NA,NA,NA,NA
"Cleveland","OH","Ohio",201,41.499321,-81.694359,234,10.2909479141235,947,136928266,85863659,2020,371806,146,NA,NA,NA,NA
"Cleveland","OH","Ohio",201,41.499321,-81.694359,234,10.2909479141235,947,136928266,85863659,2021,365329,119,NA,NA,NA,NA
"Cleveland","OH","Ohio",201,41.499321,-81.694359,234,10.2909479141235,947,136928266,85863659,2022,362806,109,NA,NA,NA,NA
"Cleveland","OH","Ohio",201,41.499321,-81.694359,234,10.2909479141235,947,136928266,85863659,2023,362656,166,NA,NA,NA,NA
"Columbus","OH","Ohio",570,39.961178,-82.998795,235,11.3451356887817,967,89140701,73966740,2010,790943,0,80268,92,329414,286025
"Columbus","OH","Ohio",570,39.961178,-82.998795,235,11.3451356887817,967,89140701,73966740,2011,800607,0,80268,92,329414,286025
"Columbus","OH","Ohio",570,39.961178,-82.998795,235,11.3451356887817,967,89140701,73966740,2012,812740,1,80268,92,329414,286025
"Columbus","OH","Ohio",570,39.961178,-82.998795,235,11.3451356887817,967,89140701,73966740,2013,827797,0,80268,92,329414,286025
"Columbus","OH","Ohio",570,39.961178,-82.998795,235,11.3451356887817,967,89140701,73966740,2014,841673,0,80268,92,329414,286025
"Columbus","OH","Ohio",570,39.961178,-82.998795,235,11.3451356887817,967,89140701,73966740,2015,854950,3,80268,92,329414,286025
"Columbus","OH","Ohio",570,39.961178,-82.998795,235,11.3451356887817,967,89140701,73966740,2016,866894,4,80268,92,329414,286025
"Columbus","OH","Ohio",570,39.961178,-82.998795,235,11.3451356887817,967,89140701,73966740,2017,881694,28,80268,92,329414,286025
"Columbus","OH","Ohio",570,39.961178,-82.998795,235,11.3451356887817,967,89140701,73966740,2018,890869,48,80268,92,329414,286025
"Columbus","OH","Ohio",570,39.961178,-82.998795,235,11.3451356887817,967,89140701,73966740,2019,898553,131,80268,92,329414,286025
"Columbus","OH","Ohio",570,39.961178,-82.998795,235,11.3451356887817,967,89140701,73966740,2020,906418,173,80268,92,329414,286025
"Columbus","OH","Ohio",570,39.961178,-82.998795,235,11.3451356887817,967,89140701,73966740,2021,903184,116,80268,92,329414,286025
"Columbus","OH","Ohio",570,39.961178,-82.998795,235,11.3451356887817,967,89140701,73966740,2022,908238,90,80268,92,329414,286025
"Columbus","OH","Ohio",570,39.961178,-82.998795,235,11.3451356887817,967,89140701,73966740,2023,913175,154,80268,92,329414,286025
"Philadelphia","PA","Pennsylvania",348,39.952583,-75.165222,249,12.7495107650757,1141,252934612,127985949,2010,1528283,0,85285,103,878518,319367
"Philadelphia","PA","Pennsylvania",348,39.952583,-75.165222,249,12.7495107650757,1141,252934612,127985949,2011,1540466,1,85285,103,878518,319367
"Philadelphia","PA","Pennsylvania",348,39.952583,-75.165222,249,12.7495107650757,1141,252934612,127985949,2012,1551824,0,85285,103,878518,319367
"Philadelphia","PA","Pennsylvania",348,39.952583,-75.165222,249,12.7495107650757,1141,252934612,127985949,2013,1558313,0,85285,103,878518,319367
"Philadelphia","PA","Pennsylvania",348,39.952583,-75.165222,249,12.7495107650757,1141,252934612,127985949,2014,1565460,4,85285,103,878518,319367
"Philadelphia","PA","Pennsylvania",348,39.952583,-75.165222,249,12.7495107650757,1141,252934612,127985949,2015,1571065,2,85285,103,878518,319367
"Philadelphia","PA","Pennsylvania",348,39.952583,-75.165222,249,12.7495107650757,1141,252934612,127985949,2016,1576051,7,85285,103,878518,319367
"Philadelphia","PA","Pennsylvania",348,39.952583,-75.165222,249,12.7495107650757,1141,252934612,127985949,2017,1580601,16,85285,103,878518,319367
"Philadelphia","PA","Pennsylvania",348,39.952583,-75.165222,249,12.7495107650757,1141,252934612,127985949,2018,1583592,45,85285,103,878518,319367
"Philadelphia","PA","Pennsylvania",348,39.952583,-75.165222,249,12.7495107650757,1141,252934612,127985949,2019,1584064,98,85285,103,878518,319367
"Philadelphia","PA","Pennsylvania",348,39.952583,-75.165222,249,12.7495107650757,1141,252934612,127985949,2020,1600684,189,85285,103,878518,319367
"Philadelphia","PA","Pennsylvania",348,39.952583,-75.165222,249,12.7495107650757,1141,252934612,127985949,2021,1589623,229,85285,103,878518,319367
"Philadelphia","PA","Pennsylvania",348,39.952583,-75.165222,249,12.7495107650757,1141,252934612,127985949,2022,1566836,238,85285,103,878518,319367
"Philadelphia","PA","Pennsylvania",348,39.952583,-75.165222,249,12.7495107650757,1141,252934612,127985949,2023,1550542,299,85285,103,878518,319367
"Austin","TX","Texas",829,30.267153,-97.743057,266,19.8988857269287,835,101232046,71747969,2010,806164,2,100078,76,475491,446287
"Austin","TX","Texas",829,30.267153,-97.743057,266,19.8988857269287,835,101232046,71747969,2011,828459,0,100078,76,475491,446287
"Austin","TX","Texas",829,30.267153,-97.743057,266,19.8988857269287,835,101232046,71747969,2012,854482,2,100078,76,475491,446287
"Austin","TX","Texas",829,30.267153,-97.743057,266,19.8988857269287,835,101232046,71747969,2013,875003,4,100078,76,475491,446287
"Austin","TX","Texas",829,30.267153,-97.743057,266,19.8988857269287,835,101232046,71747969,2014,901170,8,100078,76,475491,446287
"Austin","TX","Texas",829,30.267153,-97.743057,266,19.8988857269287,835,101232046,71747969,2015,921114,12,100078,76,475491,446287
"Austin","TX","Texas",829,30.267153,-97.743057,266,19.8988857269287,835,101232046,71747969,2016,939447,30,100078,76,475491,446287
"Austin","TX","Texas",829,30.267153,-97.743057,266,19.8988857269287,835,101232046,71747969,2017,951553,74,100078,76,475491,446287
"Austin","TX","Texas",829,30.267153,-97.743057,266,19.8988857269287,835,101232046,71747969,2018,962469,104,100078,76,475491,446287
"Austin","TX","Texas",829,30.267153,-97.743057,266,19.8988857269287,835,101232046,71747969,2019,978908,137,100078,76,475491,446287
"Austin","TX","Texas",829,30.267153,-97.743057,266,19.8988857269287,835,101232046,71747969,2020,965827,196,100078,76,475491,446287
"Austin","TX","Texas",829,30.267153,-97.743057,266,19.8988857269287,835,101232046,71747969,2021,969608,153,100078,76,475491,446287
"Austin","TX","Texas",829,30.267153,-97.743057,266,19.8988857269287,835,101232046,71747969,2022,975418,153,100078,76,475491,446287
"Austin","TX","Texas",829,30.267153,-97.743057,266,19.8988857269287,835,101232046,71747969,2023,979882,198,100078,76,475491,446287
"Dallas","TX","Texas",880,32.776665,-96.796989,272,18.8535308837891,937,70594232,201117522,2010,1200350,0,NA,NA,NA,NA
"Dallas","TX","Texas",880,32.776665,-96.796989,272,18.8535308837891,937,70594232,201117522,2011,1218282,1,NA,NA,NA,NA
"Dallas","TX","Texas",880,32.776665,-96.796989,272,18.8535308837891,937,70594232,201117522,2012,1242115,2,NA,NA,NA,NA
"Dallas","TX","Texas",880,32.776665,-96.796989,272,18.8535308837891,937,70594232,201117522,2013,1258835,2,NA,NA,NA,NA
"Dallas","TX","Texas",880,32.776665,-96.796989,272,18.8535308837891,937,70594232,201117522,2014,1279098,4,NA,NA,NA,NA
"Dallas","TX","Texas",880,32.776665,-96.796989,272,18.8535308837891,937,70594232,201117522,2015,1301329,3,NA,NA,NA,NA
"Dallas","TX","Texas",880,32.776665,-96.796989,272,18.8535308837891,937,70594232,201117522,2016,1323916,19,NA,NA,NA,NA
"Dallas","TX","Texas",880,32.776665,-96.796989,272,18.8535308837891,937,70594232,201117522,2017,1342479,47,NA,NA,NA,NA
"Dallas","TX","Texas",880,32.776665,-96.796989,272,18.8535308837891,937,70594232,201117522,2018,1341802,54,NA,NA,NA,NA
"Dallas","TX","Texas",880,32.776665,-96.796989,272,18.8535308837891,937,70594232,201117522,2019,1343573,73,NA,NA,NA,NA
"Dallas","TX","Texas",880,32.776665,-96.796989,272,18.8535308837891,937,70594232,201117522,2020,1303212,197,NA,NA,NA,NA
"Dallas","TX","Texas",880,32.776665,-96.796989,272,18.8535308837891,937,70594232,201117522,2021,1289705,154,NA,NA,NA,NA
"Dallas","TX","Texas",880,32.776665,-96.796989,272,18.8535308837891,937,70594232,201117522,2022,1297358,150,NA,NA,NA,NA
"Dallas","TX","Texas",880,32.776665,-96.796989,272,18.8535308837891,937,70594232,201117522,2023,1302868,213,NA,NA,NA,NA
"Fort Worth","TX","Texas",900,32.755489,-97.330765,276,18.8480319976807,854,57898410,145391799,2010,748441,0,82713,82,509515,301656
"Fort Worth","TX","Texas",900,32.755489,-97.330765,276,18.8480319976807,854,57898410,145391799,2011,764142,1,82713,82,509515,301656
"Fort Worth","TX","Texas",900,32.755489,-97.330765,276,18.8480319976807,854,57898410,145391799,2012,781046,0,82713,82,509515,301656
"Fort Worth","TX","Texas",900,32.755489,-97.330765,276,18.8480319976807,854,57898410,145391799,2013,796073,3,82713,82,509515,301656
"Fort Worth","TX","Texas",900,32.755489,-97.330765,276,18.8480319976807,854,57898410,145391799,2014,815057,8,82713,82,509515,301656
"Fort Worth","TX","Texas",900,32.755489,-97.330765,276,18.8480319976807,854,57898410,145391799,2015,835356,26,82713,82,509515,301656
"Fort Worth","TX","Texas",900,32.755489,-97.330765,276,18.8480319976807,854,57898410,145391799,2016,856177,76,82713,82,509515,301656
"Fort Worth","TX","Texas",900,32.755489,-97.330765,276,18.8480319976807,854,57898410,145391799,2017,874809,75,82713,82,509515,301656
"Fort Worth","TX","Texas",900,32.755489,-97.330765,276,18.8480319976807,854,57898410,145391799,2018,893216,121,82713,82,509515,301656
"Fort Worth","TX","Texas",900,32.755489,-97.330765,276,18.8480319976807,854,57898410,145391799,2019,909585,143,82713,82,509515,301656
"Fort Worth","TX","Texas",900,32.755489,-97.330765,276,18.8480319976807,854,57898410,145391799,2020,923602,252,82713,82,509515,301656
"Fort Worth","TX","Texas",900,32.755489,-97.330765,276,18.8480319976807,854,57898410,145391799,2021,937590,195,82713,82,509515,301656
"Fort Worth","TX","Texas",900,32.755489,-97.330765,276,18.8480319976807,854,57898410,145391799,2022,957103,183,82713,82,509515,301656
"Fort Worth","TX","Texas",900,32.755489,-97.330765,276,18.8480319976807,854,57898410,145391799,2023,978468,182,82713,82,509515,301656
"San Antonio","TX","Texas",1292,29.424122,-98.493629,298,20.466646194458,784,76003026,82260152,2010,1332299,0,73172,105,296930,253289
"San Antonio","TX","Texas",1292,29.424122,-98.493629,298,20.466646194458,784,76003026,82260152,2011,1357120,0,73172,105,296930,253289
"San Antonio","TX","Texas",1292,29.424122,-98.493629,298,20.466646194458,784,76003026,82260152,2012,1383075,0,73172,105,296930,253289
"San Antonio","TX","Texas",1292,29.424122,-98.493629,298,20.466646194458,784,76003026,82260152,2013,1408339,0,73172,105,296930,253289
"San Antonio","TX","Texas",1292,29.424122,-98.493629,298,20.466646194458,784,76003026,82260152,2014,1435456,2,73172,105,296930,253289
"San Antonio","TX","Texas",1292,29.424122,-98.493629,298,20.466646194458,784,76003026,82260152,2015,1464043,3,73172,105,296930,253289
"San Antonio","TX","Texas",1292,29.424122,-98.493629,298,20.466646194458,784,76003026,82260152,2016,1487843,4,73172,105,296930,253289
"San Antonio","TX","Texas",1292,29.424122,-98.493629,298,20.466646194458,784,76003026,82260152,2017,1511154,10,73172,105,296930,253289
"San Antonio","TX","Texas",1292,29.424122,-98.493629,298,20.466646194458,784,76003026,82260152,2018,1530016,42,73172,105,296930,253289
"San Antonio","TX","Texas",1292,29.424122,-98.493629,298,20.466646194458,784,76003026,82260152,2019,1547253,87,73172,105,296930,253289
"San Antonio","TX","Texas",1292,29.424122,-98.493629,298,20.466646194458,784,76003026,82260152,2020,1439257,136,73172,105,296930,253289
"San Antonio","TX","Texas",1292,29.424122,-98.493629,298,20.466646194458,784,76003026,82260152,2021,1454003,145,73172,105,296930,253289
"San Antonio","TX","Texas",1292,29.424122,-98.493629,298,20.466646194458,784,76003026,82260152,2022,1473325,138,73172,105,296930,253289
"San Antonio","TX","Texas",1292,29.424122,-98.493629,298,20.466646194458,784,76003026,82260152,2023,1495295,183,73172,105,296930,253289
"Seattle","WA","Washington",217,47.606209,-122.332069,318,10.9440937042236,1004,252987627,108764897,2010,610630,0,113955,66,738359,719853
"Seattle","WA","Washington",217,47.606209,-122.332069,318,10.9440937042236,1004,252987627,108764897,2011,622694,0,113955,66,738359,719853
"Seattle","WA","Washington",217,47.606209,-122.332069,318,10.9440937042236,1004,252987627,108764897,2012,635928,6,113955,66,738359,719853
"Seattle","WA","Washington",217,47.606209,-122.332069,318,10.9440937042236,1004,252987627,108764897,2013,653588,9,113955,66,738359,719853
"Seattle","WA","Washington",217,47.606209,-122.332069,318,10.9440937042236,1004,252987627,108764897,2014,670109,3,113955,66,738359,719853
"Seattle","WA","Washington",217,47.606209,-122.332069,318,10.9440937042236,1004,252987627,108764897,2015,687386,1,113955,66,738359,719853
"Seattle","WA","Washington",217,47.606209,-122.332069,318,10.9440937042236,1004,252987627,108764897,2016,709631,4,113955,66,738359,719853
"Seattle","WA","Washington",217,47.606209,-122.332069,318,10.9440937042236,1004,252987627,108764897,2017,728661,11,113955,66,738359,719853
"Seattle","WA","Washington",217,47.606209,-122.332069,318,10.9440937042236,1004,252987627,108764897,2018,742235,18,113955,66,738359,719853
"Seattle","WA","Washington",217,47.606209,-122.332069,318,10.9440937042236,1004,252987627,108764897,2019,753675,34,113955,66,738359,719853
"Seattle","WA","Washington",217,47.606209,-122.332069,318,10.9440937042236,1004,252987627,108764897,2020,740565,64,113955,66,738359,719853
"Seattle","WA","Washington",217,47.606209,-122.332069,318,10.9440937042236,1004,252987627,108764897,2021,731757,97,113955,66,738359,719853
"Seattle","WA","Washington",217,47.606209,-122.332069,318,10.9440937042236,1004,252987627,108764897,2022,749134,127,113955,66,738359,719853
"Seattle","WA","Washington",217,47.606209,-122.332069,318,10.9440937042236,1004,252987627,108764897,2023,755078,107,113955,66,738359,719853
"Milwaukee","WI","Wisconsin",249,43.038902,-87.906471,325,8.48986434936523,811,72391021,65827524,2010,594865,0,75022,100,274747,275252
"Milwaukee","WI","Wisconsin",249,43.038902,-87.906471,325,8.48986434936523,811,72391021,65827524,2011,597086,0,75022,100,274747,275252
"Milwaukee","WI","Wisconsin",249,43.038902,-87.906471,325,8.48986434936523,811,72391021,65827524,2012,598569,0,75022,100,274747,275252
"Milwaukee","WI","Wisconsin",249,43.038902,-87.906471,325,8.48986434936523,811,72391021,65827524,2013,599916,1,75022,100,274747,275252
"Milwaukee","WI","Wisconsin",249,43.038902,-87.906471,325,8.48986434936523,811,72391021,65827524,2014,600664,1,75022,100,274747,275252
"Milwaukee","WI","Wisconsin",249,43.038902,-87.906471,325,8.48986434936523,811,72391021,65827524,2015,600477,2,75022,100,274747,275252
"Milwaukee","WI","Wisconsin",249,43.038902,-87.906471,325,8.48986434936523,811,72391021,65827524,2016,596996,2,75022,100,274747,275252
"Milwaukee","WI","Wisconsin",249,43.038902,-87.906471,325,8.48986434936523,811,72391021,65827524,2017,593725,6,75022,100,274747,275252
"Milwaukee","WI","Wisconsin",249,43.038902,-87.906471,325,8.48986434936523,811,72391021,65827524,2018,591375,8,75022,100,274747,275252
"Milwaukee","WI","Wisconsin",249,43.038902,-87.906471,325,8.48986434936523,811,72391021,65827524,2019,590157,17,75022,100,274747,275252
"Milwaukee","WI","Wisconsin",249,43.038902,-87.906471,325,8.48986434936523,811,72391021,65827524,2020,577207,85,75022,100,274747,275252
"Milwaukee","WI","Wisconsin",249,43.038902,-87.906471,325,8.48986434936523,811,72391021,65827524,2021,566557,144,75022,100,274747,275252
"Milwaukee","WI","Wisconsin",249,43.038902,-87.906471,325,8.48986434936523,811,72391021,65827524,2022,563632,111,75022,100,274747,275252
"Milwaukee","WI","Wisconsin",249,43.038902,-87.906471,325,8.48986434936523,811,72391021,65827524,2023,561385,285,75022,100,274747,275252
